database,beforemapping,hgu133plus2.ID
gpcr.org_structure,1BL1,205911_at
gpcr.org_structure,1D6G,211174_s_at
gpcr.org_structure,1DDV,none
gpcr.org_structure,1DDV,none
gpcr.org_structure,1DEP,none
gpcr.org_structure,1EDS,none
gpcr.org_structure,1EDV,none
gpcr.org_structure,1EDW,none
gpcr.org_structure,1EDX,none
gpcr.org_structure,1EWK,none
gpcr.org_structure,1EWT,none
gpcr.org_structure,1EWV,none
gpcr.org_structure,1F88,none
gpcr.org_structure,1FDF,none
gpcr.org_structure,1FJR,none
gpcr.org_structure,1GZM,none
gpcr.org_structure,1HLL,209869_at
gpcr.org_structure,1HO9,209869_at
gpcr.org_structure,1HOD,209869_at
gpcr.org_structure,1HOF,209869_at
gpcr.org_structure,1HZN,211174_s_at
gpcr.org_structure,1HZX,none
gpcr.org_structure,1ILP,202859_x_at|211506_s_at|207094_at
gpcr.org_structure,1ILP,202859_x_at|211506_s_at|207094_at
gpcr.org_structure,1ILQ,202859_x_at|211506_s_at|207094_at
gpcr.org_structure,1ILQ,202859_x_at|211506_s_at|207094_at
gpcr.org_structure,1ISR,none
gpcr.org_structure,1ISS,none
gpcr.org_structure,1JFP,none
gpcr.org_structure,1L4T,210381_s_at
gpcr.org_structure,1L9H,none
gpcr.org_structure,1LN6,none
gpcr.org_structure,1LVQ,208243_s_at|213436_at|207940_x_at
gpcr.org_structure,1LVR,208243_s_at|213436_at|207940_x_at
gpcr.org_structure,1NRN,203989_x_at|205754_at
gpcr.org_structure,1NRN,203989_x_at|205754_at
gpcr.org_structure,1NRO,203989_x_at|205754_at
gpcr.org_structure,1NRO,203989_x_at|205754_at
gpcr.org_structure,1NRP,203989_x_at|205754_at
gpcr.org_structure,1NRP,203989_x_at|205754_at
gpcr.org_structure,1NRQ,203989_x_at|205754_at
gpcr.org_structure,1NRQ,203989_x_at|205754_at
gpcr.org_structure,1NRR,203989_x_at|205754_at
gpcr.org_structure,1NRR,203989_x_at|205754_at
gpcr.org_structure,1NZS,none
gpcr.org_structure,1OF2,205019_s_at|216231_s_at|201891_s_at
gpcr.org_structure,1OF2,205019_s_at|216231_s_at|201891_s_at
gpcr.org_structure,1OF2,205019_s_at|216231_s_at|201891_s_at
gpcr.org_structure,1OGT,205019_s_at|216231_s_at|201891_s_at
gpcr.org_structure,1OGT,205019_s_at|216231_s_at|201891_s_at
gpcr.org_structure,1OGT,205019_s_at|216231_s_at|201891_s_at
gpcr.org_structure,1RY1,205335_s_at|200007_at|201273_s_at
gpcr.org_structure,1RY1,205335_s_at|200007_at|201273_s_at
gpcr.org_structure,1RY1,205335_s_at|200007_at|201273_s_at
gpcr.org_structure,1RY1,205335_s_at|200007_at|201273_s_at
gpcr.org_structure,1RY1,205335_s_at|200007_at|201273_s_at
gpcr.org_structure,1RY1,205335_s_at|200007_at|201273_s_at
gpcr.org_structure,1SRZ,none
gpcr.org_structure,1SS2,none
gpcr.org_structure,1U19,none
gpcr.org_structure,1U34,none
gpcr.org_structure,1VQX,none
gpcr.org_structure,1XWD,214489_at|204637_at|211201_at
gpcr.org_structure,1XWD,214489_at|204637_at|211201_at
gpcr.org_structure,1XWD,214489_at|204637_at|211201_at
gpcr.org_structure,1YTV,206250_x_at|206252_s_at
gpcr.org_structure,1YTV,206250_x_at|206252_s_at
gpcr.org_structure,2B0Y,208243_s_at|213436_at|207940_x_at
gpcr.org_structure,2BO2,232009_at|207610_s_at
gpcr.org_structure,2BOU,232009_at|207610_s_at
gpcr.org_structure,2BOX,232009_at|207610_s_at
gpcr.org_structure,2CSA,1553705_a_at|242488_at|1559633_a_at|1564339_a_at|214596_at
gpcr.org_structure,2DCO,206437_at
gpcr.org_structure,2E4U,none
gpcr.org_structure,2E4V,none
gpcr.org_structure,2E4W,none
gpcr.org_structure,2E4X,none
gpcr.org_structure,2E4Y,none
gpcr.org_structure,2E4Z,none
gpcr.org_structure,2G87,none
gpcr.org_structure,2HLB,none
gpcr.org_structure,2HLB,none
gpcr.org_structure,2HPY,none
gpcr.org_structure,2I35,none
gpcr.org_structure,2I36,none
gpcr.org_structure,2I37,none
gpcr.org_structure,2J4Y,none
gpcr.org_structure,2JM4,238206_at|1552715_a_at|231804_at
gpcr.org_structure,2JNC,none
gpcr.org_structure,2JND,none
gpcr.org_structure,2JOD,206281_at|230237_at|226690_at|207151_at|236373_at
gpcr.org_structure,2JOD,206281_at|230237_at|226690_at|207151_at|236373_at
gpcr.org_structure,2JX4,none
gpcr.org_structure,2JX9,none
gpcr.org_structure,2JXA,none
gpcr.org_structure,2K03,203666_at|209687_at|217028_at|211919_s_at|209201_x_at
gpcr.org_structure,2K03,203666_at|209687_at|217028_at|211919_s_at|209201_x_at
gpcr.org_structure,2K04,203666_at|209687_at|217028_at|211919_s_at|209201_x_at
gpcr.org_structure,2K04,203666_at|209687_at|217028_at|211919_s_at|209201_x_at
gpcr.org_structure,2K05,203666_at|209687_at|217028_at|211919_s_at|209201_x_at
gpcr.org_structure,2K05,203666_at|209687_at|217028_at|211919_s_at|209201_x_at
gpcr.org_structure,2KI9,206586_at
gpcr.org_structure,2KOE,208243_s_at|213436_at|207940_x_at
gpcr.org_structure,2KS9,230908_at|210637_at|208049_s_at|208048_at|206552_s_at
gpcr.org_structure,2KS9,230908_at|210637_at|208049_s_at|208048_at|206552_s_at
gpcr.org_structure,2KSA,230908_at|210637_at|208049_s_at|208048_at|206552_s_at
gpcr.org_structure,2KSA,230908_at|210637_at|208049_s_at|208048_at|206552_s_at
gpcr.org_structure,2KSB,230908_at|210637_at|208049_s_at|208048_at|206552_s_at
gpcr.org_structure,2KSB,230908_at|210637_at|208049_s_at|208048_at|206552_s_at
gpcr.org_structure,2L27,208593_x_at|211897_s_at|214619_at
gpcr.org_structure,2L27,208593_x_at|211897_s_at|214619_at
gpcr.org_structure,2PED,none
gpcr.org_structure,2PUX,none
gpcr.org_structure,2PUX,none
gpcr.org_structure,2PV9,none
gpcr.org_structure,2PV9,none
gpcr.org_structure,2PZX,none
gpcr.org_structure,2QKH,207899_at|208105_at|231291_at
gpcr.org_structure,2QKH,207899_at|208105_at|231291_at
gpcr.org_structure,2R4R,206170_at
gpcr.org_structure,2R4S,206170_at
gpcr.org_structure,2RH1,206170_at
gpcr.org_structure,2RH1,206170_at
gpcr.org_structure,2RLL,206991_s_at
gpcr.org_structure,2V70,209897_s_at|228850_s_at
gpcr.org_structure,2V9S,209897_s_at|228850_s_at
gpcr.org_structure,2V9T,209897_s_at|228850_s_at|213194_at
gpcr.org_structure,2V9T,209897_s_at|228850_s_at|213194_at
gpcr.org_structure,2VT4,none
gpcr.org_structure,2WFH,209897_s_at|228850_s_at
gpcr.org_structure,2X57,205946_at|205947_s_at|211598_x_at
gpcr.org_structure,2XDG,207825_s_at|211544_s_at
gpcr.org_structure,2Z73,none
gpcr.org_structure,2ZIY,none
gpcr.org_structure,2ZPK,none
gpcr.org_structure,3B3I,205019_s_at|216231_s_at|201891_s_at
gpcr.org_structure,3B3I,205019_s_at|216231_s_at|201891_s_at
gpcr.org_structure,3B3I,205019_s_at|216231_s_at|201891_s_at
gpcr.org_structure,3BEF,203989_x_at|205754_at
gpcr.org_structure,3BEF,203989_x_at|205754_at
gpcr.org_structure,3C4M,206977_at|205911_at
gpcr.org_structure,3C4M,206977_at|205911_at
gpcr.org_structure,3C4M,206977_at|205911_at
gpcr.org_structure,3C59,208391_s_at|208390_s_at|211232_x_at|208400_at|208401_s_at
gpcr.org_structure,3C59,208391_s_at|208390_s_at|211232_x_at|208400_at|208401_s_at
gpcr.org_structure,3C5T,208391_s_at|208390_s_at|211232_x_at|208400_at|208401_s_at
gpcr.org_structure,3C5T,208391_s_at|208390_s_at|211232_x_at|208400_at|208401_s_at
gpcr.org_structure,3C9L,none
gpcr.org_structure,3C9M,none
gpcr.org_structure,3CAP,none
gpcr.org_structure,3CZF,210565_at|216231_s_at|201891_s_at
gpcr.org_structure,3CZF,210565_at|216231_s_at|201891_s_at
gpcr.org_structure,3CZF,210565_at|216231_s_at|201891_s_at
gpcr.org_structure,3D4S,206170_at
gpcr.org_structure,3D4S,206170_at
gpcr.org_structure,3DQB,none
gpcr.org_structure,3DQB,none
gpcr.org_structure,3EHS,208593_x_at|211897_s_at|214619_at
gpcr.org_structure,3EHS,208593_x_at|211897_s_at|214619_at
gpcr.org_structure,3EHT,208593_x_at|211897_s_at|214619_at|205630_at|205629_s_at
gpcr.org_structure,3EHT,208593_x_at|211897_s_at|214619_at|205630_at|205629_s_at
gpcr.org_structure,3EHT,208593_x_at|211897_s_at|214619_at|205630_at|205629_s_at
gpcr.org_structure,3EHU,208593_x_at|211897_s_at|214619_at|205630_at|205629_s_at
gpcr.org_structure,3EHU,208593_x_at|211897_s_at|214619_at|205630_at|205629_s_at
gpcr.org_structure,3EHU,208593_x_at|211897_s_at|214619_at|205630_at|205629_s_at
gpcr.org_structure,3EML,205013_s_at
gpcr.org_structure,3G04,215442_s_at|215443_at
gpcr.org_structure,3H3G,210355_at|1556773_at|206300_s_at|211756_at|205911_at
gpcr.org_structure,3H3G,210355_at|1556773_at|206300_s_at|211756_at|205911_at
gpcr.org_structure,3H3G,210355_at|1556773_at|206300_s_at|211756_at|205911_at
gpcr.org_structure,3HKI,203989_x_at
gpcr.org_structure,3HKI,203989_x_at
gpcr.org_structure,3HKJ,203989_x_at|205754_at
gpcr.org_structure,3HKJ,203989_x_at|205754_at
gpcr.org_structure,3IOL,208391_s_at|208390_s_at|211232_x_at|208400_at|208401_s_at|206422_at
gpcr.org_structure,3IOL,208391_s_at|208390_s_at|211232_x_at|208400_at|208401_s_at|206422_at
gpcr.org_structure,3KJ5,205911_at
gpcr.org_structure,3KJ5,205911_at
gpcr.org_structure,3KJ5,205911_at
gpcr.org_structure,3KJ6,206170_at
gpcr.org_structure,3KS9,210939_s_at|207299_s_at|210940_s_at
gpcr.org_structure,3L2J,205911_at
gpcr.org_structure,3L2J,205911_at
gpcr.org_structure,3LMK,1565389_s_at|207235_s_at|214217_at
gpcr.org_structure,3LU9,203989_x_at|205754_at
gpcr.org_structure,3LU9,203989_x_at|205754_at
gpcr.org_structure,3MQ4,217008_s_at|207548_at
gpcr.org_structure,3N7P,234996_at|206331_at|210815_s_at|204916_at
gpcr.org_structure,3N7P,234996_at|206331_at|210815_s_at|204916_at
gpcr.org_structure,3N7R,234996_at|206331_at|210815_s_at|204916_at
gpcr.org_structure,3N7R,234996_at|206331_at|210815_s_at|204916_at
gpcr.org_structure,3N7S,234996_at|206331_at|210815_s_at|204916_at
gpcr.org_structure,3N7S,234996_at|206331_at|210815_s_at|204916_at
gpcr.org_structure,3N9U,217866_at|213461_at|224830_at|202697_at
gpcr.org_structure,3N9U,217866_at|213461_at|224830_at|202697_at
gpcr.org_structure,3NY8,206170_at
gpcr.org_structure,3NY8,206170_at
gpcr.org_structure,3NY9,206170_at
gpcr.org_structure,3NY9,206170_at
gpcr.org_structure,3NYA,206170_at
gpcr.org_structure,3NYA,206170_at
gpcr.org_structure,3ODU,217028_at|211919_s_at|209201_x_at
gpcr.org_structure,3ODU,217028_at|211919_s_at|209201_x_at
gpcr.org_structure,3OE0,217028_at|211919_s_at|209201_x_at
gpcr.org_structure,3OE0,217028_at|211919_s_at|209201_x_at
gpcr.org_structure,3OE6,217028_at|211919_s_at|209201_x_at
gpcr.org_structure,3OE8,217028_at|211919_s_at|209201_x_at
gpcr.org_structure,3OE8,217028_at|211919_s_at|209201_x_at
gpcr.org_structure,3OE9,217028_at|211919_s_at|209201_x_at
gpcr.org_structure,3OE9,217028_at|211919_s_at|209201_x_at
gpcr.org_structure,3PBL,214559_at|211625_s_at
gpcr.org_structure,3PBL,214559_at|211625_s_at
gpcr.org_family,5HT1A_HUMAN,221351_at
gpcr.org_family,5HT1B_HUMAN,210799_at
gpcr.org_family,5HT1D_HUMAN,207368_at
gpcr.org_family,5HT1E_HUMAN,207404_s_at
gpcr.org_family,5HT1F_HUMAN,221458_at
gpcr.org_family,5HT2A_HUMAN,211616_s_at|207135_at|244130_at
gpcr.org_family,5HT2B_HUMAN,206638_at
gpcr.org_family,5HT2C_HUMAN,207307_at|211479_s_at
gpcr.org_family,5HT4R_HUMAN,207578_s_at|207577_at|216939_s_at
gpcr.org_family,5HT5A_HUMAN,221362_at
gpcr.org_family,5HT6R_HUMAN,206944_at|1552857_a_at
gpcr.org_family,5HT7R_HUMAN,207818_s_at|236281_x_at|207927_at|216098_s_at
gpcr.org_family,A0AUJ7_HUMAN,none
gpcr.org_family,A0N0W6_HUMAN,none
gpcr.org_family,A0N0W7_HUMAN,none
gpcr.org_family,A0N0W8_HUMAN,none
gpcr.org_family,A0N0W9_HUMAN,none
gpcr.org_family,A0PJM9_HUMAN,224169_at
gpcr.org_family,A1A4V4_HUMAN,none
gpcr.org_family,A1A4W1_HUMAN,none
gpcr.org_family,A1A5B2_HUMAN,none
gpcr.org_family,A2BDZ2_HUMAN,none
gpcr.org_family,A2BF34_HUMAN,none
gpcr.org_family,A2RRF6_HUMAN,none
gpcr.org_family,A3KME5_HUMAN,1567284_at|1567282_at
gpcr.org_family,A4D2G5_HUMAN,none
gpcr.org_family,A4D2H9_HUMAN,none
gpcr.org_family,A4FU14_HUMAN,234469_at
gpcr.org_family,A4FVA5_HUMAN,none
gpcr.org_family,A5JUU5_HUMAN,231805_at
gpcr.org_family,A5Z1T7_HUMAN,none
gpcr.org_family,A6H8V1_HUMAN,none
gpcr.org_family,A6NEB4_HUMAN,234226_at
gpcr.org_family,A6NL10_HUMAN,none
gpcr.org_family,A6NLW9_HUMAN,none
gpcr.org_family,A6NMV7_HUMAN,none
gpcr.org_family,A6NNY4_HUMAN,none
gpcr.org_family,A8CAH9_HUMAN,none
gpcr.org_family,A8CAI0_HUMAN,none
gpcr.org_family,A8CAI1_HUMAN,none
gpcr.org_family,A8I0M1_HUMAN,none
gpcr.org_family,A8K0M3_HUMAN,none
gpcr.org_family,A8K1F6_HUMAN,none
gpcr.org_family,A8K1T0_HUMAN,none
gpcr.org_family,A8K215_HUMAN,none
gpcr.org_family,A8K2J1_HUMAN,none
gpcr.org_family,A8K2X9_HUMAN,none
gpcr.org_family,A8K3L9_HUMAN,none
gpcr.org_family,A8K3U5_HUMAN,none
gpcr.org_family,A8K4F0_HUMAN,none
gpcr.org_family,A8K5Q6_HUMAN,none
gpcr.org_family,A8K5W4_HUMAN,none
gpcr.org_family,A8K647_HUMAN,206126_at|216734_s_at
gpcr.org_family,A8K7N8_HUMAN,206278_at|211661_x_at
gpcr.org_family,A8K7T1_HUMAN,none
gpcr.org_family,A8K7X3_HUMAN,none
gpcr.org_family,A8K7Z2_HUMAN,none
gpcr.org_family,A8K8E4_HUMAN,none
gpcr.org_family,A8KAF0_HUMAN,none
gpcr.org_family,A8MSY3_HUMAN,none
gpcr.org_family,A8MZL3_HUMAN,none
gpcr.org_family,AA1R_HUMAN,205481_at|216220_s_at
gpcr.org_family,AA2AR_HUMAN,205013_s_at
gpcr.org_family,AA2BR_HUMAN,205891_at
gpcr.org_family,AA3R_HUMAN,206171_at|223660_at
gpcr.org_family,ACM1_HUMAN,231783_at
gpcr.org_family,ACM2_HUMAN,221330_at
gpcr.org_family,ACM3_HUMAN,1553705_a_at|1564339_a_at|1559634_at|1559633_a_at|214596_at|242488_at
gpcr.org_family,ACM4_HUMAN,221357_at
gpcr.org_family,ACM5_HUMAN,221347_at
gpcr.org_family,ACTHR_HUMAN,217434_at|217425_at|208568_at
gpcr.org_family,ADA1A_HUMAN,211490_at|211489_at|211491_at|211492_s_at
gpcr.org_family,ADA1B_HUMAN,207589_at
gpcr.org_family,ADA1D_HUMAN,210960_at|210961_s_at
gpcr.org_family,ADA2A_HUMAN,209869_at
gpcr.org_family,ADA2B_HUMAN,208544_at
gpcr.org_family,ADA2C_HUMAN,206128_at
gpcr.org_family,ADRB1_HUMAN,229309_at|208214_at|229277_at
gpcr.org_family,ADRB2_HUMAN,206170_at
gpcr.org_family,ADRB3_HUMAN,217303_s_at|206812_at
gpcr.org_family,AGTR1_HUMAN,205357_s_at|208016_s_at
gpcr.org_family,AGTR2_HUMAN,207293_s_at|207294_at|222321_at
gpcr.org_family,APJ_HUMAN,213592_at
gpcr.org_family,B0EX00_HUMAN,none
gpcr.org_family,B0EX01_HUMAN,none
gpcr.org_family,B0M0K0_HUMAN,none
gpcr.org_family,B0UY34_HUMAN,none
gpcr.org_family,B0V1T3_HUMAN,none
gpcr.org_family,B0ZBD3_HUMAN,211490_at|211489_at|211491_at|211492_s_at
gpcr.org_family,B1AK19_HUMAN,211909_x_at|213933_at|210374_x_at|208169_s_at|210834_s_at|210832_x_at|210833_at|211265_at|210831_s_at|210375_at
gpcr.org_family,B2KIU0_HUMAN,none
gpcr.org_family,B2KIU1_HUMAN,none
gpcr.org_family,B2KIU2_HUMAN,none
gpcr.org_family,B2KJ48_HUMAN,221169_s_at|221170_at
gpcr.org_family,B2KKJ9_HUMAN,none
gpcr.org_family,B2R5N0_HUMAN,none
gpcr.org_family,B2R6V6_HUMAN,none
gpcr.org_family,B2R734_HUMAN,none
gpcr.org_family,B2R782_HUMAN,none
gpcr.org_family,B2R7M9_HUMAN,none
gpcr.org_family,B2R7P1_HUMAN,none
gpcr.org_family,B2R7S2_HUMAN,none
gpcr.org_family,B2R7Z4_HUMAN,none
gpcr.org_family,B2R881_HUMAN,none
gpcr.org_family,B2R8G9_HUMAN,none
gpcr.org_family,B2R8H6_HUMAN,none
gpcr.org_family,B2R982_HUMAN,none
gpcr.org_family,B2R9I6_HUMAN,none
gpcr.org_family,B2R9P7_HUMAN,none
gpcr.org_family,B2R9U4_HUMAN,none
gpcr.org_family,B2RA17_HUMAN,none
gpcr.org_family,B2RAP0_HUMAN,none
gpcr.org_family,B2RC44_HUMAN,none
gpcr.org_family,B2RCU1_HUMAN,none
gpcr.org_family,B2RDH3_HUMAN,213592_at
gpcr.org_family,B2RE65_HUMAN,none
gpcr.org_family,B2RE67_HUMAN,none
gpcr.org_family,B2RNC7_HUMAN,none
gpcr.org_family,B2RND3_HUMAN,1567060_at|1567059_at
gpcr.org_family,B2RND4_HUMAN,none
gpcr.org_family,B2RNI9_HUMAN,none
gpcr.org_family,B2RNJ8_HUMAN,none
gpcr.org_family,B2RNZ0_HUMAN,none
gpcr.org_family,B2RU22_HUMAN,none
gpcr.org_family,B2RU23_HUMAN,none
gpcr.org_family,B2RU31_HUMAN,none
gpcr.org_family,B2RUT4_HUMAN,none
gpcr.org_family,B2RUT5_HUMAN,none
gpcr.org_family,B3KNP6_HUMAN,none
gpcr.org_family,B3KQB6_HUMAN,none
gpcr.org_family,B3KQM5_HUMAN,none
gpcr.org_family,B3KQN4_HUMAN,213592_at
gpcr.org_family,B3KUH5_HUMAN,none
gpcr.org_family,B3KV13_HUMAN,244493_at|221288_at
gpcr.org_family,B3KV24_HUMAN,none
gpcr.org_family,B3KV27_HUMAN,none
gpcr.org_family,B3KVJ9_HUMAN,none
gpcr.org_family,B3KVN8_HUMAN,none
gpcr.org_family,B3KVP9_HUMAN,none
gpcr.org_family,B3KVQ1_HUMAN,none
gpcr.org_family,B3KVQ4_HUMAN,205013_s_at
gpcr.org_family,B3KVQ5_HUMAN,218589_at|1557763_at
gpcr.org_family,B3KX68_HUMAN,none
gpcr.org_family,B4DE51_HUMAN,none
gpcr.org_family,B4DF56_HUMAN,none
gpcr.org_family,B4DGL3_HUMAN,none
gpcr.org_family,B4DGP2_HUMAN,none
gpcr.org_family,B4DH92_HUMAN,none
gpcr.org_family,B4DHD1_HUMAN,none
gpcr.org_family,B4DHS9_HUMAN,none
gpcr.org_family,B4DIG3_HUMAN,none
gpcr.org_family,B4DK36_HUMAN,none
gpcr.org_family,B4DKQ8_HUMAN,211434_s_at
gpcr.org_family,B4DLH9_HUMAN,none
gpcr.org_family,B4DLS3_HUMAN,none
gpcr.org_family,B4DQ13_HUMAN,none
gpcr.org_family,B4DQ18_HUMAN,none
gpcr.org_family,B4DQ59_HUMAN,none
gpcr.org_family,B4DRL4_HUMAN,none
gpcr.org_family,B4DSD1_HUMAN,none
gpcr.org_family,B4DTH8_HUMAN,none
gpcr.org_family,B4DUH5_HUMAN,none
gpcr.org_family,B4DWG6_HUMAN,none
gpcr.org_family,B4DZ23_HUMAN,none
gpcr.org_family,B4DZ78_HUMAN,none
gpcr.org_family,B4DZ79_HUMAN,211616_s_at|207135_at
gpcr.org_family,B4E144_HUMAN,none
gpcr.org_family,B4E292_HUMAN,220130_x_at
gpcr.org_family,B4E2W5_HUMAN,none
gpcr.org_family,B5B0C6_HUMAN,none
gpcr.org_family,B5BUP4_HUMAN,none
gpcr.org_family,B7Z1L9_HUMAN,none
gpcr.org_family,B7Z379_HUMAN,none
gpcr.org_family,B7Z3U3_HUMAN,none
gpcr.org_family,B7Z5D7_HUMAN,none
gpcr.org_family,B7Z5E8_HUMAN,none
gpcr.org_family,B7Z5Z6_HUMAN,none
gpcr.org_family,B7ZLB3_HUMAN,none
gpcr.org_family,B7ZLG5_HUMAN,none
gpcr.org_family,B7ZMA2_HUMAN,none
gpcr.org_family,B8Q1L8_HUMAN,211359_s_at|207994_s_at|207989_at
gpcr.org_family,B8Q1L9_HUMAN,211359_s_at|207994_s_at|207989_at
gpcr.org_family,B9EGX1_HUMAN,none
gpcr.org_family,B9EGY8_HUMAN,none
gpcr.org_family,B9EH08_HUMAN,none
gpcr.org_family,B9EH20_HUMAN,none
gpcr.org_family,B9EH30_HUMAN,none
gpcr.org_family,B9EIK1_HUMAN,none
gpcr.org_family,B9EIK5_HUMAN,none
gpcr.org_family,B9EIL6_HUMAN,none
gpcr.org_family,B9EIL7_HUMAN,none
gpcr.org_family,B9EIL8_HUMAN,none
gpcr.org_family,B9EIM0_HUMAN,none
gpcr.org_family,B9EIM4_HUMAN,none
gpcr.org_family,B9EIM5_HUMAN,none
gpcr.org_family,B9EIN0_HUMAN,none
gpcr.org_family,B9EIN2_HUMAN,none
gpcr.org_family,B9EIN3_HUMAN,none
gpcr.org_family,B9EIN4_HUMAN,none
gpcr.org_family,B9EIN5_HUMAN,none
gpcr.org_family,B9EIN6_HUMAN,none
gpcr.org_family,B9EIN7_HUMAN,none
gpcr.org_family,B9EIN8_HUMAN,none
gpcr.org_family,B9EIP2_HUMAN,none
gpcr.org_family,B9EIS6_HUMAN,none
gpcr.org_family,B9EK41_HUMAN,none
gpcr.org_family,B9EKW0_HUMAN,none
gpcr.org_family,BKRB1_HUMAN,207510_at
gpcr.org_family,BKRB2_HUMAN,205870_at
gpcr.org_family,BRS3_HUMAN,1552818_a_at|207369_at
gpcr.org_family,C3AR_HUMAN,209906_at
gpcr.org_family,C4WYH4_HUMAN,none
gpcr.org_family,C5AR_HUMAN,220088_at
gpcr.org_family,C5ARL_HUMAN,221149_at
gpcr.org_family,C7E9I8_HUMAN,none
gpcr.org_family,C9JAQ6_HUMAN,none
gpcr.org_family,C9JB00_HUMAN,none
gpcr.org_family,C9JC61_HUMAN,none
gpcr.org_family,C9JCH9_HUMAN,none
gpcr.org_family,C9JQD8_HUMAN,none
gpcr.org_family,C9JV81_HUMAN,none
gpcr.org_family,C9JWU6_HUMAN,none
gpcr.org_family,C9JXW0_HUMAN,none
gpcr.org_family,CCBP2_HUMAN,206887_at|1559432_at|1568850_at
gpcr.org_family,CCKAR_HUMAN,211173_at|211174_s_at
gpcr.org_family,CCR10_HUMAN,220565_at
gpcr.org_family,CCR1_HUMAN,205098_at|205099_s_at
gpcr.org_family,CCR2_HUMAN,207794_at|206978_at
gpcr.org_family,CCR3_HUMAN,208304_at
gpcr.org_family,CCR4_HUMAN,208376_at
gpcr.org_family,CCR5_HUMAN,206991_s_at
gpcr.org_family,CCR6_HUMAN,206983_at|222999_s_at|221427_s_at|232274_at
gpcr.org_family,CCR7_HUMAN,206337_at
gpcr.org_family,CCR8_HUMAN,208059_at
gpcr.org_family,CCR9_HUMAN,207445_s_at
gpcr.org_family,CCRL1_HUMAN,220351_at
gpcr.org_family,CCRL2_HUMAN,211434_s_at
gpcr.org_family,CLTR1_HUMAN,216288_at|230866_at|231747_at
gpcr.org_family,CLTR2_HUMAN,220813_at
gpcr.org_family,CML1_HUMAN,210659_at|229121_at|207652_s_at
gpcr.org_family,CNR1_HUMAN,1560225_at|207940_x_at|213436_at|208243_s_at
gpcr.org_family,CNR2_HUMAN,206586_at
gpcr.org_family,CPSF7_HUMAN,217866_at
gpcr.org_family,CX3C1_HUMAN,205898_at|1568934_at
gpcr.org_family,CXCR1_HUMAN,207094_at
gpcr.org_family,CXCR2_HUMAN,207008_at
gpcr.org_family,CXCR3_HUMAN,217119_s_at|207681_at
gpcr.org_family,CXCR4_HUMAN,211919_s_at|209201_x_at|217028_at
gpcr.org_family,CXCR5_HUMAN,206126_at|216734_s_at
gpcr.org_family,CXCR6_HUMAN,211469_s_at|206974_at
gpcr.org_family,CXCR7_HUMAN,1559114_a_at|232746_at|212977_at
gpcr.org_family,D2CFK4_HUMAN,none
gpcr.org_family,DRD3_HUMAN,211625_s_at|214559_at
gpcr.org_family,DRD4_HUMAN,208215_x_at
gpcr.org_family,DRD5_HUMAN,208486_at
gpcr.org_family,DUFFY_HUMAN,208335_s_at
gpcr.org_family,E1P580_HUMAN,none
gpcr.org_family,E2QRH4_HUMAN,none
gpcr.org_family,E2QRJ2_HUMAN,none
gpcr.org_family,EDNRA_HUMAN,204463_s_at|216235_s_at|204464_s_at
gpcr.org_family,EDNRB_HUMAN,1568791_s_at|206701_x_at|204273_at|204271_s_at
gpcr.org_family,ENSP00000230223,none
gpcr.org_family,ENSP00000238699,none
gpcr.org_family,ENSP00000277942,none
gpcr.org_family,ENSP00000281274,none
gpcr.org_family,ENSP00000293614,none
gpcr.org_family,ENSP00000296677,none
gpcr.org_family,ENSP00000320895,none
gpcr.org_family,ENSP00000321482,none
gpcr.org_family,ENSP00000326567,none
gpcr.org_family,ENSP00000326616,none
gpcr.org_family,ENSP00000328018,none
gpcr.org_family,ENSP00000333908,none
gpcr.org_family,ENSP00000344301,none
gpcr.org_family,ENSP00000345889,none
gpcr.org_family,ENSP00000346586,none
gpcr.org_family,ENSP00000347474,none
gpcr.org_family,ENSP00000348729,none
gpcr.org_family,ENSP00000351519,none
gpcr.org_family,ENSP00000351725,none
gpcr.org_family,ENSP00000352855,none
gpcr.org_family,ENSP00000353598,none
gpcr.org_family,ENSP00000354569,none
gpcr.org_family,ENSP00000355037,none
gpcr.org_family,ENSP00000355383,none
gpcr.org_family,ENSP00000356810,none
gpcr.org_family,ENSP00000359833,none
gpcr.org_family,ENSP00000359972,none
gpcr.org_family,ENSP00000366345,none
gpcr.org_family,ENSP00000369946,none
gpcr.org_family,ENSP00000369955,none
gpcr.org_family,ENSP00000369961,none
gpcr.org_family,ENSP00000370950,none
gpcr.org_family,ENSP00000370953,none
gpcr.org_family,ENSP00000371379,none
gpcr.org_family,ENSP00000373038,none
gpcr.org_family,ENSP00000374508,none
gpcr.org_family,ENSP00000376198,none
gpcr.org_family,ENSP00000377302,none
gpcr.org_family,ENSP00000380016,none
gpcr.org_family,ENSP00000381352,none
gpcr.org_family,ENSP00000383534,none
gpcr.org_family,ENSP00000385645,none
gpcr.org_family,ENSP00000386033,none
gpcr.org_family,ENSP00000387281,none
gpcr.org_family,ENSP00000389236,none
gpcr.org_family,ENSP00000389802,none
gpcr.org_family,ENSP00000393333,none
gpcr.org_family,ENSP00000396142,none
gpcr.org_family,ENSP00000396524,none
gpcr.org_family,ENSP00000396905,none
gpcr.org_family,ENSP00000398199,none
gpcr.org_family,ENSP00000399748,none
gpcr.org_family,ENSP00000400501,none
gpcr.org_family,ENSP00000403553,none
gpcr.org_family,ENSP00000403604,none
gpcr.org_family,ENSP00000404787,none
gpcr.org_family,ENSP00000405525,none
gpcr.org_family,ENSP00000405902,none
gpcr.org_family,ENSP00000406986,none
gpcr.org_family,ENSP00000407073,none
gpcr.org_family,ENSP00000408647,none
gpcr.org_family,ENSP00000409339,none
gpcr.org_family,ENSP00000409994,none
gpcr.org_family,ENSP00000410733,none
gpcr.org_family,ENSP00000412591,none
gpcr.org_family,ENSP00000413598,none
gpcr.org_family,ENSP00000413679,none
gpcr.org_family,ENSP00000414137,none
gpcr.org_family,ENSP00000414152,none
gpcr.org_family,ENSP00000414527,none
gpcr.org_family,ENSP00000414688,none
gpcr.org_family,ENSP00000415065,none
gpcr.org_family,ENSP00000415545,none
gpcr.org_family,ENSP00000420712,none
gpcr.org_family,ENSP00000421346,none
gpcr.org_family,ENSP00000421583,none
gpcr.org_family,ENSP00000422261,none
gpcr.org_family,ENSP00000423306,none
gpcr.org_family,ENSP00000423561,none
gpcr.org_family,ENSP00000424527,none
gpcr.org_family,ENSP00000424840,none
gpcr.org_family,ENSP00000427548,none
gpcr.org_family,ENSP00000428018,none
gpcr.org_family,ENSP00000430414,none
gpcr.org_family,ENSP00000431048,none
gpcr.org_family,ENSP00000431073,none
gpcr.org_family,ENSP00000433258,none
gpcr.org_family,ENSP00000435534,none
gpcr.org_family,ETBR2_HUMAN,207055_at|1558189_a_at|1556155_at
gpcr.org_family,FFAR1_HUMAN,1561507_at|231761_at
gpcr.org_family,FFAR2_HUMAN,221345_at
gpcr.org_family,FFAR3_HUMAN,221385_s_at
gpcr.org_family,FPR1_HUMAN,205119_s_at|205118_at
gpcr.org_family,FPR2_HUMAN,210773_s_at|210772_at
gpcr.org_family,FPR3_HUMAN,230422_at|214560_at
gpcr.org_family,FSHR_HUMAN,211201_at
gpcr.org_family,G109A_HUMAN,none
gpcr.org_family,G109B_HUMAN,205220_at
gpcr.org_family,GALR1_HUMAN,220821_at
gpcr.org_family,GALR2_HUMAN,211226_at
gpcr.org_family,GALR3_HUMAN,33579_i_at
gpcr.org_family,GASR_HUMAN,210381_s_at|234475_x_at
gpcr.org_family,GHSR_HUMAN,224554_at|221360_s_at
gpcr.org_family,GNRHR_HUMAN,211523_at|211522_s_at|216341_s_at
gpcr.org_family,GP101_HUMAN,1553544_at
gpcr.org_family,GP119_HUMAN,none
gpcr.org_family,GP120_HUMAN,none
gpcr.org_family,GP132_HUMAN,221140_s_at|223887_at
gpcr.org_family,GP135_HUMAN,217641_at|211659_at|214503_x_at
gpcr.org_family,GP139_HUMAN,none
gpcr.org_family,GP142_HUMAN,none
gpcr.org_family,GP146_HUMAN,228770_at
gpcr.org_family,GP148_HUMAN,none
gpcr.org_family,GP151_HUMAN,none
gpcr.org_family,GP152_HUMAN,none
gpcr.org_family,GP153_HUMAN,221902_at|64942_at
gpcr.org_family,GP160_HUMAN,223423_at
gpcr.org_family,GP161_HUMAN,230369_at|235961_at|206971_at|214104_at|206972_s_at|232350_x_at
gpcr.org_family,GP162_HUMAN,205056_s_at
gpcr.org_family,GP171_HUMAN,207651_at
gpcr.org_family,GP173_HUMAN,1556038_at|221299_at|244877_at|1556039_s_at
gpcr.org_family,GP174_HUMAN,224285_at
gpcr.org_family,GP176_HUMAN,206673_at|227846_at|1566081_at
gpcr.org_family,GP182_HUMAN,214506_at|1552440_at
gpcr.org_family,GP183_HUMAN,205419_at
gpcr.org_family,GPBAR_HUMAN,1552501_a_at
gpcr.org_family,GPC39_HUMAN,none
gpcr.org_family,GPER_HUMAN,211829_s_at|210640_s_at
gpcr.org_family,GPR12_HUMAN,214558_at|1559603_at
gpcr.org_family,GPR15_HUMAN,208524_at
gpcr.org_family,GPR17_HUMAN,215225_s_at|206190_at
gpcr.org_family,GPR18_HUMAN,210279_at
gpcr.org_family,GPR19_HUMAN,207183_at
gpcr.org_family,GPR1_HUMAN,214605_x_at
gpcr.org_family,GPR20_HUMAN,214510_at
gpcr.org_family,GPR21_HUMAN,221294_at
gpcr.org_family,GPR22_HUMAN,244493_at|221288_at
gpcr.org_family,GPR25_HUMAN,221363_x_at
gpcr.org_family,GPR26_HUMAN,244617_at|1553864_at|1553865_a_at
gpcr.org_family,GPR27_HUMAN,227769_at|221306_at
gpcr.org_family,GPR31_HUMAN,208556_at
gpcr.org_family,GPR32_HUMAN,221469_at
gpcr.org_family,GPR33_HUMAN,none
gpcr.org_family,GPR34_HUMAN,244434_at|223620_at
gpcr.org_family,GPR35_HUMAN,210264_at
gpcr.org_family,GPR37_HUMAN,209631_s_at|214586_at
gpcr.org_family,GPR39_HUMAN,229105_at|208600_s_at|229104_s_at
gpcr.org_family,GPR78_HUMAN,1553063_at
gpcr.org_family,GPR81_HUMAN,224131_at
gpcr.org_family,GPR82_HUMAN,1553317_s_at|1553316_at|244434_at
gpcr.org_family,GPR83_HUMAN,222953_at
gpcr.org_family,GPR84_HUMAN,223767_at
gpcr.org_family,GPR85_HUMAN,234303_s_at|219898_at
gpcr.org_family,GPR87_HUMAN,219936_s_at
gpcr.org_family,GPR88_HUMAN,220313_at
gpcr.org_family,GRPR_HUMAN,207929_at
gpcr.org_family,HRH1_HUMAN,205580_s_at|205579_at
gpcr.org_family,HRH2_HUMAN,220805_at
gpcr.org_family,HRH3_HUMAN,221663_x_at|1555715_a_at|220447_at|1555215_a_at
gpcr.org_family,HRH4_HUMAN,221169_s_at|221170_at
gpcr.org_family,KISSR_HUMAN,242517_at
gpcr.org_family,LGR4_HUMAN,230674_at|218326_s_at|222596_s_at
gpcr.org_family,LGR5_HUMAN,210393_at|213880_at
gpcr.org_family,LGR6_HUMAN,227819_at
gpcr.org_family,LPAR1_HUMAN,204036_at|204038_s_at|204037_at
gpcr.org_family,LPAR2_HUMAN,206723_s_at|206722_s_at
gpcr.org_family,LPAR3_HUMAN,231192_at|220816_at
gpcr.org_family,LPAR4_HUMAN,206960_at
gpcr.org_family,LPAR5_HUMAN,230252_at|231788_at
gpcr.org_family,LPAR6_HUMAN,218589_at|1557763_at
gpcr.org_family,LRR70_HUMAN,238488_at
gpcr.org_family,LSHR_HUMAN,207240_s_at
gpcr.org_family,LT4R1_HUMAN,210128_s_at|216388_s_at|236172_at|220130_x_at
gpcr.org_family,LT4R2_HUMAN,220130_x_at|225514_at
gpcr.org_family,MAS1L_HUMAN,234820_at
gpcr.org_family,MAS_HUMAN,208210_at
gpcr.org_family,MC3R_HUMAN,221442_at
gpcr.org_family,MC4R_HUMAN,221467_at
gpcr.org_family,MC5R_HUMAN,208565_at
gpcr.org_family,MCHR1_HUMAN,221354_s_at|230498_at|223855_s_at
gpcr.org_family,MCHR2_HUMAN,224408_at|1561437_at
gpcr.org_family,MRGRD_HUMAN,none
gpcr.org_family,MRGRE_HUMAN,none
gpcr.org_family,MRGRF_HUMAN,227727_at
gpcr.org_family,MRGRG_HUMAN,none
gpcr.org_family,MRGX1_HUMAN,1553401_at
gpcr.org_family,MRGX2_HUMAN,1553889_at
gpcr.org_family,MRGX3_HUMAN,1553293_at
gpcr.org_family,MRGX4_HUMAN,1553504_at
gpcr.org_family,MSHR_HUMAN,205458_at|202154_x_at|213476_x_at
gpcr.org_family,MTLR_HUMAN,221365_at
gpcr.org_family,MTR1A_HUMAN,221369_at
gpcr.org_family,MTR1B_HUMAN,208516_at
gpcr.org_family,MTR1L_HUMAN,208311_at
gpcr.org_family,NK1R_HUMAN,210637_at|230908_at|208049_s_at|208048_at
gpcr.org_family,NK2R_HUMAN,214348_at
gpcr.org_family,NK3R_HUMAN,208183_at
gpcr.org_family,NMBR_HUMAN,207333_at
gpcr.org_family,NMUR1_HUMAN,221383_at
gpcr.org_family,NMUR2_HUMAN,224088_at
gpcr.org_family,NP_000015,none
gpcr.org_family,NP_000136,none
gpcr.org_family,NP_000360,none
gpcr.org_family,NP_000672,none
gpcr.org_family,NP_000675,none
gpcr.org_family,NP_000787,none
gpcr.org_family,NP_000788,none
gpcr.org_family,NP_000863,none
gpcr.org_family,NP_001001802,none
gpcr.org_family,NP_001001920,none
gpcr.org_family,NP_001004453,none
gpcr.org_family,NP_001004694,none
gpcr.org_family,NP_001004700,none
gpcr.org_family,NP_001004702,none
gpcr.org_family,NP_001004715,none
gpcr.org_family,NP_001004742,none
gpcr.org_family,NP_001004756,none
gpcr.org_family,NP_001004759,none
gpcr.org_family,NP_001005175,none
gpcr.org_family,NP_001005179,none
gpcr.org_family,NP_001005193,none
gpcr.org_family,NP_001005205,none
gpcr.org_family,NP_001005216,none
gpcr.org_family,NP_001005236,none
gpcr.org_family,NP_001005241,none
gpcr.org_family,NP_001005272,none
gpcr.org_family,NP_001005327,none
gpcr.org_family,NP_001005513,none
gpcr.org_family,NP_001005519,none
gpcr.org_family,NP_001005567,none
gpcr.org_family,NP_001008503,none
gpcr.org_family,NP_001008504,none
gpcr.org_family,NP_001008505,none
gpcr.org_family,NP_001008540,none
gpcr.org_family,NP_001012740,none
gpcr.org_family,NP_001017404,none
gpcr.org_family,NP_001035259,none
gpcr.org_family,NP_001035262,none
gpcr.org_family,NP_001035754,none
gpcr.org_family,NP_001124382,none
gpcr.org_family,NP_001136269,none
gpcr.org_family,NP_001138228,none
gpcr.org_family,NP_001138751,none
gpcr.org_family,NP_001138754,none
gpcr.org_family,NP_001138755,none
gpcr.org_family,NP_001138756,none
gpcr.org_family,NP_001138757,none
gpcr.org_family,NP_001138758,none
gpcr.org_family,NP_001139623,none
gpcr.org_family,NP_001154888,none
gpcr.org_family,NP_001154889,none
gpcr.org_family,NP_001158152,none
gpcr.org_family,NP_001159419,none
gpcr.org_family,NP_001159527,none
gpcr.org_family,NP_001164645,none
gpcr.org_family,NP_001182310,none
gpcr.org_family,NP_001182311,none
gpcr.org_family,NP_001182684,none
gpcr.org_family,NP_001188326,none
gpcr.org_family,NP_001727,none
gpcr.org_family,NP_002912,none
gpcr.org_family,NP_003053,none
gpcr.org_family,NP_003982,none
gpcr.org_family,NP_004063,none
gpcr.org_family,NP_004113,none
gpcr.org_family,NP_006009,none
gpcr.org_family,NP_006632,none
gpcr.org_family,NP_036476,none
gpcr.org_family,NP_055441,none
gpcr.org_family,NP_056542,none
gpcr.org_family,NP_062874,none
gpcr.org_family,NP_063941,none
gpcr.org_family,NP_065734,none
gpcr.org_family,NP_067649,none
gpcr.org_family,NP_112167,none
gpcr.org_family,NP_116743,none
gpcr.org_family,NP_149421,none
gpcr.org_family,NP_150645,none
gpcr.org_family,NP_150647,none
gpcr.org_family,NP_387512,none
gpcr.org_family,NP_689643,none
gpcr.org_family,NP_847898,none
gpcr.org_family,NP_932340,none
gpcr.org_family,NP_942008,none
gpcr.org_family,NP_942009,none
gpcr.org_family,NP_942010,none
gpcr.org_family,NP_963998,none
gpcr.org_family,NP_995581,none
gpcr.org_family,NP_997056,none
gpcr.org_family,NPBW1_HUMAN,231752_at
gpcr.org_family,NPBW2_HUMAN,221358_at
gpcr.org_family,NPFF1_HUMAN,221387_at
gpcr.org_family,NPFF2_HUMAN,224169_at
gpcr.org_family,NPSR1_HUMAN,none
gpcr.org_family,NPY1R_HUMAN,205440_s_at
gpcr.org_family,NPY2R_HUMAN,210730_s_at|208379_x_at|210729_at
gpcr.org_family,NPY4R_HUMAN,210956_at
gpcr.org_family,NPY5R_HUMAN,207400_at
gpcr.org_family,NPY6R_HUMAN,210444_at|236860_at
gpcr.org_family,NTR1_HUMAN,207360_s_at
gpcr.org_family,NTR2_HUMAN,206899_at
gpcr.org_family,O00325_HUMAN,211909_x_at|213933_at|210374_x_at|208169_s_at|210834_s_at|210832_x_at|210833_at|211265_at|210831_s_at|210375_at
gpcr.org_family,O10A2_HUMAN,none
gpcr.org_family,O10A3_HUMAN,1567250_at|1567251_at
gpcr.org_family,O10A4_HUMAN,1555655_at
gpcr.org_family,O10A5_HUMAN,1555651_at
gpcr.org_family,O10A6_HUMAN,none
gpcr.org_family,O10A7_HUMAN,none
gpcr.org_family,O10AC_HUMAN,none
gpcr.org_family,O10AD_HUMAN,none
gpcr.org_family,O10AG_HUMAN,none
gpcr.org_family,O10C1_HUMAN,221339_at
gpcr.org_family,O10D3_HUMAN,1567252_at|1567253_at
gpcr.org_family,O10D4_HUMAN,none
gpcr.org_family,O10G2_HUMAN,none
gpcr.org_family,O10G3_HUMAN,none
gpcr.org_family,O10G4_HUMAN,none
gpcr.org_family,O10G6_HUMAN,none
gpcr.org_family,O10G7_HUMAN,none
gpcr.org_family,O10G8_HUMAN,none
gpcr.org_family,O10G9_HUMAN,none
gpcr.org_family,O10H1_HUMAN,208558_at
gpcr.org_family,O10H2_HUMAN,208543_at
gpcr.org_family,O10H3_HUMAN,208520_at
gpcr.org_family,O10H4_HUMAN,none
gpcr.org_family,O10H5_HUMAN,208558_at
gpcr.org_family,O10J1_HUMAN,221346_at
gpcr.org_family,O10J3_HUMAN,none
gpcr.org_family,O10J4_HUMAN,none
gpcr.org_family,O10J5_HUMAN,none
gpcr.org_family,O10J6_HUMAN,none
gpcr.org_family,O10K1_HUMAN,none
gpcr.org_family,O10K2_HUMAN,none
gpcr.org_family,O10P1_HUMAN,none
gpcr.org_family,O10Q1_HUMAN,none
gpcr.org_family,O10R2_HUMAN,none
gpcr.org_family,O10S1_HUMAN,none
gpcr.org_family,O10T2_HUMAN,none
gpcr.org_family,O10V1_HUMAN,none
gpcr.org_family,O10W1_HUMAN,none
gpcr.org_family,O10X1_HUMAN,none
gpcr.org_family,O10Z1_HUMAN,none
gpcr.org_family,O11A1_HUMAN,221343_at
gpcr.org_family,O11G2_HUMAN,none
gpcr.org_family,O11H1_HUMAN,none
gpcr.org_family,O11H2_HUMAN,none
gpcr.org_family,O11H4_HUMAN,none
gpcr.org_family,O11H6_HUMAN,none
gpcr.org_family,O11H7_HUMAN,none
gpcr.org_family,O11HC_HUMAN,none
gpcr.org_family,O11L1_HUMAN,none
gpcr.org_family,O12D2_HUMAN,221344_at
gpcr.org_family,O12D3_HUMAN,221431_s_at|234840_s_at
gpcr.org_family,O13A1_HUMAN,none
gpcr.org_family,O13C2_HUMAN,none
gpcr.org_family,O13C3_HUMAN,none
gpcr.org_family,O13C4_HUMAN,1567297_at|1567298_at
gpcr.org_family,O13C5_HUMAN,none
gpcr.org_family,O13C8_HUMAN,none
gpcr.org_family,O13C9_HUMAN,none
gpcr.org_family,O13D1_HUMAN,none
gpcr.org_family,O13F1_HUMAN,none
gpcr.org_family,O13G1_HUMAN,none
gpcr.org_family,O13H1_HUMAN,none
gpcr.org_family,O13J1_HUMAN,none
gpcr.org_family,O14694_HUMAN,none
gpcr.org_family,O14A2_HUMAN,none
gpcr.org_family,O14AG_HUMAN,none
gpcr.org_family,O14CZ_HUMAN,none
gpcr.org_family,O14I1_HUMAN,none
gpcr.org_family,O14J1_HUMAN,234545_at
gpcr.org_family,O14K1_HUMAN,none
gpcr.org_family,O14L1_HUMAN,none
gpcr.org_family,O2A12_HUMAN,none
gpcr.org_family,O2A14_HUMAN,none
gpcr.org_family,O2A25_HUMAN,none
gpcr.org_family,O2AE1_HUMAN,none
gpcr.org_family,O2AG1_HUMAN,none
gpcr.org_family,O2AG2_HUMAN,none
gpcr.org_family,O2AJ1_HUMAN,none
gpcr.org_family,O2AK2_HUMAN,none
gpcr.org_family,O2AP1_HUMAN,none
gpcr.org_family,O2AT4_HUMAN,none
gpcr.org_family,O2T10_HUMAN,none
gpcr.org_family,O2T11_HUMAN,none
gpcr.org_family,O2T12_HUMAN,none
gpcr.org_family,O2T27_HUMAN,none
gpcr.org_family,O2T29_HUMAN,none
gpcr.org_family,O2T33_HUMAN,none
gpcr.org_family,O2T34_HUMAN,none
gpcr.org_family,O2T35_HUMAN,none
gpcr.org_family,O43789_HUMAN,none
gpcr.org_family,O43898_HUMAN,211175_at
gpcr.org_family,O4A15_HUMAN,none
gpcr.org_family,O4A16_HUMAN,none
gpcr.org_family,O4A47_HUMAN,none
gpcr.org_family,O4C45_HUMAN,none
gpcr.org_family,O4C46_HUMAN,none
gpcr.org_family,O4F15_HUMAN,none
gpcr.org_family,O4F17_HUMAN,none
gpcr.org_family,O4F21_HUMAN,234369_at
gpcr.org_family,O51A2_HUMAN,none
gpcr.org_family,O51A4_HUMAN,215921_at
gpcr.org_family,O51A7_HUMAN,none
gpcr.org_family,O51B2_HUMAN,234486_at
gpcr.org_family,O51B4_HUMAN,234469_at
gpcr.org_family,O51B5_HUMAN,234775_at|1570516_s_at
gpcr.org_family,O51B6_HUMAN,234526_at
gpcr.org_family,O51D1_HUMAN,none
gpcr.org_family,O51E1_HUMAN,229768_at
gpcr.org_family,O51E2_HUMAN,236121_at|221424_s_at|232482_at
gpcr.org_family,O51F1_HUMAN,none
gpcr.org_family,O51F2_HUMAN,none
gpcr.org_family,O51G1_HUMAN,none
gpcr.org_family,O51G2_HUMAN,none
gpcr.org_family,O51H1_HUMAN,none
gpcr.org_family,O51I1_HUMAN,234626_at
gpcr.org_family,O51I2_HUMAN,234521_at
gpcr.org_family,O51J1_HUMAN,233736_at
gpcr.org_family,O51L1_HUMAN,none
gpcr.org_family,O51M1_HUMAN,234777_at
gpcr.org_family,O51Q1_HUMAN,none
gpcr.org_family,O51S1_HUMAN,none
gpcr.org_family,O51T1_HUMAN,none
gpcr.org_family,O51V1_HUMAN,none
gpcr.org_family,O52A1_HUMAN,221329_at
gpcr.org_family,O52A4_HUMAN,none
gpcr.org_family,O52A5_HUMAN,none
gpcr.org_family,O52B2_HUMAN,none
gpcr.org_family,O52B4_HUMAN,none
gpcr.org_family,O52B6_HUMAN,none
gpcr.org_family,O52D1_HUMAN,234617_at
gpcr.org_family,O52E1_HUMAN,none
gpcr.org_family,O52E2_HUMAN,none
gpcr.org_family,O52E4_HUMAN,none
gpcr.org_family,O52E5_HUMAN,none
gpcr.org_family,O52E6_HUMAN,none
gpcr.org_family,O52E8_HUMAN,none
gpcr.org_family,O52H1_HUMAN,none
gpcr.org_family,O52I1_HUMAN,none
gpcr.org_family,O52I2_HUMAN,none
gpcr.org_family,O52J3_HUMAN,none
gpcr.org_family,O52K1_HUMAN,none
gpcr.org_family,O52K2_HUMAN,none
gpcr.org_family,O52L1_HUMAN,none
gpcr.org_family,O52L2_HUMAN,none
gpcr.org_family,O52M1_HUMAN,none
gpcr.org_family,O52N1_HUMAN,none
gpcr.org_family,O52N2_HUMAN,none
gpcr.org_family,O52N4_HUMAN,none
gpcr.org_family,O52N5_HUMAN,none
gpcr.org_family,O52P1_HUMAN,none
gpcr.org_family,O52R1_HUMAN,none
gpcr.org_family,O52W1_HUMAN,none
gpcr.org_family,O52Z1_HUMAN,none
gpcr.org_family,O56A1_HUMAN,none
gpcr.org_family,O56A3_HUMAN,none
gpcr.org_family,O56A4_HUMAN,none
gpcr.org_family,O56A5_HUMAN,none
gpcr.org_family,O56B1_HUMAN,none
gpcr.org_family,O56B2_HUMAN,none
gpcr.org_family,O56B4_HUMAN,none
gpcr.org_family,O5AC1_HUMAN,none
gpcr.org_family,O5AC2_HUMAN,none
gpcr.org_family,O5AK2_HUMAN,none
gpcr.org_family,O5AK3_HUMAN,none
gpcr.org_family,O5AL1_HUMAN,none
gpcr.org_family,O5AN1_HUMAN,none
gpcr.org_family,O5AP2_HUMAN,none
gpcr.org_family,O5AR1_HUMAN,none
gpcr.org_family,O5AS1_HUMAN,none
gpcr.org_family,O5AU1_HUMAN,none
gpcr.org_family,O5H14_HUMAN,none
gpcr.org_family,O5H15_HUMAN,1567247_at
gpcr.org_family,O6C65_HUMAN,none
gpcr.org_family,O6C68_HUMAN,none
gpcr.org_family,O6C70_HUMAN,none
gpcr.org_family,O6C74_HUMAN,none
gpcr.org_family,O6C75_HUMAN,none
gpcr.org_family,O6C76_HUMAN,none
gpcr.org_family,O7E24_HUMAN,215463_at
gpcr.org_family,O95499_HUMAN,none
gpcr.org_family,OGR1_HUMAN,211249_at|229055_at
gpcr.org_family,OPN3_HUMAN,224392_s_at|219032_x_at
gpcr.org_family,OPN4_HUMAN,234226_at
gpcr.org_family,OPN5_HUMAN,233657_at|1568914_at
gpcr.org_family,OPRD_HUMAN,207792_at
gpcr.org_family,OPRK_HUMAN,229944_at|207553_at
gpcr.org_family,OPRM_HUMAN,211359_s_at|207994_s_at|207989_at
gpcr.org_family,OPRX_HUMAN,206564_at|206563_s_at
gpcr.org_family,OPSB_HUMAN,208036_at
gpcr.org_family,OPSD_HUMAN,206455_s_at|206454_s_at
gpcr.org_family,OPSG_HUMAN,221327_s_at
gpcr.org_family,OPSR_HUMAN,221327_s_at
gpcr.org_family,OPSX_HUMAN,208314_at
gpcr.org_family,OR1A1_HUMAN,221388_at
gpcr.org_family,OR1A2_HUMAN,221445_at
gpcr.org_family,OR1B1_HUMAN,none
gpcr.org_family,OR1C1_HUMAN,1567055_at|1567054_at
gpcr.org_family,OR1D2_HUMAN,221464_at
gpcr.org_family,OR1D4_HUMAN,none
gpcr.org_family,OR1D5_HUMAN,221341_s_at
gpcr.org_family,OR1E1_HUMAN,214515_at|208587_s_at
gpcr.org_family,OR1E2_HUMAN,208587_s_at
gpcr.org_family,OR1E3_HUMAN,none
gpcr.org_family,OR1F1_HUMAN,221402_at
gpcr.org_family,OR1F2_HUMAN,217308_at
gpcr.org_family,OR1FC_HUMAN,none
gpcr.org_family,OR1G1_HUMAN,221375_at
gpcr.org_family,OR1I1_HUMAN,234403_at
gpcr.org_family,OR1J1_HUMAN,none
gpcr.org_family,OR1J2_HUMAN,1567257_at|1567256_at
gpcr.org_family,OR1J4_HUMAN,1567284_at|1567282_at
gpcr.org_family,OR1K1_HUMAN,none
gpcr.org_family,OR1L1_HUMAN,none
gpcr.org_family,OR1L3_HUMAN,none
gpcr.org_family,OR1L4_HUMAN,none
gpcr.org_family,OR1L6_HUMAN,none
gpcr.org_family,OR1L8_HUMAN,none
gpcr.org_family,OR1M1_HUMAN,none
gpcr.org_family,OR1N1_HUMAN,none
gpcr.org_family,OR1N2_HUMAN,none
gpcr.org_family,OR1P1_HUMAN,none
gpcr.org_family,OR1Q1_HUMAN,1567065_at|1567064_at
gpcr.org_family,OR1S1_HUMAN,none
gpcr.org_family,OR1S2_HUMAN,none
gpcr.org_family,OR2A1_HUMAN,none
gpcr.org_family,OR2A2_HUMAN,none
gpcr.org_family,OR2A4_HUMAN,233493_at|233492_s_at
gpcr.org_family,OR2A5_HUMAN,none
gpcr.org_family,OR2A7_HUMAN,233493_at|233492_s_at
gpcr.org_family,OR2B2_HUMAN,216408_at
gpcr.org_family,OR2B3_HUMAN,234903_at
gpcr.org_family,OR2B6_HUMAN,216522_at
gpcr.org_family,OR2B8_HUMAN,none
gpcr.org_family,OR2BB_HUMAN,none
gpcr.org_family,OR2C1_HUMAN,221460_at
gpcr.org_family,OR2C3_HUMAN,1555018_at
gpcr.org_family,OR2D2_HUMAN,none
gpcr.org_family,OR2D3_HUMAN,none
gpcr.org_family,OR2F1_HUMAN,208526_at|208525_s_at
gpcr.org_family,OR2F2_HUMAN,217302_at|208525_s_at
gpcr.org_family,OR2G2_HUMAN,none
gpcr.org_family,OR2G3_HUMAN,none
gpcr.org_family,OR2G6_HUMAN,none
gpcr.org_family,OR2H1_HUMAN,216817_s_at|1567657_at|1556986_at|1556987_s_at|1567656_at
gpcr.org_family,OR2H2_HUMAN,217081_at|208573_s_at
gpcr.org_family,OR2I1_HUMAN,none
gpcr.org_family,OR2J1_HUMAN,216818_s_at
gpcr.org_family,OR2J2_HUMAN,216818_s_at|208508_s_at
gpcr.org_family,OR2J3_HUMAN,217334_at
gpcr.org_family,OR2K2_HUMAN,1567272_at|1567273_at
gpcr.org_family,OR2L2_HUMAN,1567237_at|1567240_x_at|1567238_at
gpcr.org_family,OR2L3_HUMAN,none
gpcr.org_family,OR2L5_HUMAN,none
gpcr.org_family,OR2L8_HUMAN,none
gpcr.org_family,OR2LD_HUMAN,1554706_at
gpcr.org_family,OR2M2_HUMAN,none
gpcr.org_family,OR2M3_HUMAN,none
gpcr.org_family,OR2M4_HUMAN,1566289_at|1566288_at
gpcr.org_family,OR2M5_HUMAN,none
gpcr.org_family,OR2M7_HUMAN,none
gpcr.org_family,OR2S1_HUMAN,221409_at
gpcr.org_family,OR2T1_HUMAN,none
gpcr.org_family,OR2T2_HUMAN,none
gpcr.org_family,OR2T3_HUMAN,none
gpcr.org_family,OR2T4_HUMAN,none
gpcr.org_family,OR2T5_HUMAN,none
gpcr.org_family,OR2T6_HUMAN,none
gpcr.org_family,OR2T7_HUMAN,none
gpcr.org_family,OR2T8_HUMAN,241881_at
gpcr.org_family,OR2V1_HUMAN,none
gpcr.org_family,OR2V2_HUMAN,none
gpcr.org_family,OR2W1_HUMAN,221451_s_at
gpcr.org_family,OR2W3_HUMAN,241881_at
gpcr.org_family,OR2W5_HUMAN,none
gpcr.org_family,OR2W6_HUMAN,none
gpcr.org_family,OR2Y1_HUMAN,none
gpcr.org_family,OR2Z1_HUMAN,none
gpcr.org_family,OR3A1_HUMAN,221353_at
gpcr.org_family,OR3A2_HUMAN,221386_at
gpcr.org_family,OR3A3_HUMAN,221426_s_at
gpcr.org_family,OR3A4_HUMAN,none
gpcr.org_family,OR4A4_HUMAN,none
gpcr.org_family,OR4A5_HUMAN,none
gpcr.org_family,OR4A8_HUMAN,none
gpcr.org_family,OR4B1_HUMAN,none
gpcr.org_family,OR4C3_HUMAN,none
gpcr.org_family,OR4C5_HUMAN,none
gpcr.org_family,OR4C6_HUMAN,none
gpcr.org_family,OR4CB_HUMAN,none
gpcr.org_family,OR4CC_HUMAN,none
gpcr.org_family,OR4CD_HUMAN,none
gpcr.org_family,OR4CF_HUMAN,none
gpcr.org_family,OR4CG_HUMAN,none
gpcr.org_family,OR4D1_HUMAN,1567069_at|1567068_at
gpcr.org_family,OR4D2_HUMAN,1555377_at
gpcr.org_family,OR4D5_HUMAN,none
gpcr.org_family,OR4D6_HUMAN,none
gpcr.org_family,OR4D9_HUMAN,none
gpcr.org_family,OR4DA_HUMAN,none
gpcr.org_family,OR4DB_HUMAN,none
gpcr.org_family,OR4E1_HUMAN,none
gpcr.org_family,OR4E2_HUMAN,none
gpcr.org_family,OR4F3_HUMAN,234369_at
gpcr.org_family,OR4F4_HUMAN,none
gpcr.org_family,OR4F5_HUMAN,none
gpcr.org_family,OR4F6_HUMAN,none
gpcr.org_family,OR4FL_HUMAN,none
gpcr.org_family,OR4K1_HUMAN,none
gpcr.org_family,OR4K2_HUMAN,none
gpcr.org_family,OR4K3_HUMAN,none
gpcr.org_family,OR4K5_HUMAN,none
gpcr.org_family,OR4KD_HUMAN,none
gpcr.org_family,OR4KE_HUMAN,none
gpcr.org_family,OR4KF_HUMAN,none
gpcr.org_family,OR4KH_HUMAN,none
gpcr.org_family,OR4L1_HUMAN,none
gpcr.org_family,OR4M1_HUMAN,none
gpcr.org_family,OR4M2_HUMAN,none
gpcr.org_family,OR4N2_HUMAN,none
gpcr.org_family,OR4N4_HUMAN,1564856_s_at|1560735_s_at
gpcr.org_family,OR4N5_HUMAN,none
gpcr.org_family,OR4P4_HUMAN,none
gpcr.org_family,OR4Q2_HUMAN,none
gpcr.org_family,OR4Q3_HUMAN,none
gpcr.org_family,OR4S1_HUMAN,none
gpcr.org_family,OR4S2_HUMAN,none
gpcr.org_family,OR4X1_HUMAN,none
gpcr.org_family,OR4X2_HUMAN,none
gpcr.org_family,OR5A1_HUMAN,none
gpcr.org_family,OR5A2_HUMAN,none
gpcr.org_family,OR5B2_HUMAN,none
gpcr.org_family,OR5B3_HUMAN,none
gpcr.org_family,OR5BC_HUMAN,none
gpcr.org_family,OR5BH_HUMAN,none
gpcr.org_family,OR5BL_HUMAN,none
gpcr.org_family,OR5C1_HUMAN,none
gpcr.org_family,OR5DD_HUMAN,none
gpcr.org_family,OR5DE_HUMAN,none
gpcr.org_family,OR5DG_HUMAN,none
gpcr.org_family,OR5DI_HUMAN,none
gpcr.org_family,OR5F1_HUMAN,none
gpcr.org_family,OR5G3_HUMAN,none
gpcr.org_family,OR5H1_HUMAN,1567247_at|1567246_at
gpcr.org_family,OR5H2_HUMAN,none
gpcr.org_family,OR5H6_HUMAN,none
gpcr.org_family,OR5I1_HUMAN,208521_at
gpcr.org_family,OR5J2_HUMAN,1567245_at|1567244_at
gpcr.org_family,OR5K1_HUMAN,1567288_at
gpcr.org_family,OR5K2_HUMAN,none
gpcr.org_family,OR5K3_HUMAN,none
gpcr.org_family,OR5K4_HUMAN,none
gpcr.org_family,OR5L1_HUMAN,none
gpcr.org_family,OR5L2_HUMAN,1567286_at|1567285_at
gpcr.org_family,OR5M1_HUMAN,none
gpcr.org_family,OR5M3_HUMAN,none
gpcr.org_family,OR5M8_HUMAN,none
gpcr.org_family,OR5M9_HUMAN,none
gpcr.org_family,OR5MA_HUMAN,none
gpcr.org_family,OR5MB_HUMAN,none
gpcr.org_family,OR5P2_HUMAN,1552991_at
gpcr.org_family,OR5P3_HUMAN,1553078_at
gpcr.org_family,OR5R1_HUMAN,none
gpcr.org_family,OR5T1_HUMAN,none
gpcr.org_family,OR5T2_HUMAN,none
gpcr.org_family,OR5T3_HUMAN,none
gpcr.org_family,OR5V1_HUMAN,221431_s_at|234840_s_at
gpcr.org_family,OR5W2_HUMAN,none
gpcr.org_family,OR6A2_HUMAN,221465_at
gpcr.org_family,OR6B1_HUMAN,234363_at
gpcr.org_family,OR6B2_HUMAN,none
gpcr.org_family,OR6B3_HUMAN,none
gpcr.org_family,OR6C1_HUMAN,none
gpcr.org_family,OR6C2_HUMAN,none
gpcr.org_family,OR6C3_HUMAN,none
gpcr.org_family,OR6C4_HUMAN,none
gpcr.org_family,OR6C6_HUMAN,none
gpcr.org_family,OR6F1_HUMAN,none
gpcr.org_family,OR6J1_HUMAN,none
gpcr.org_family,OR6K2_HUMAN,none
gpcr.org_family,OR6K3_HUMAN,none
gpcr.org_family,OR6K6_HUMAN,none
gpcr.org_family,OR6M1_HUMAN,none
gpcr.org_family,OR6N1_HUMAN,none
gpcr.org_family,OR6N2_HUMAN,none
gpcr.org_family,OR6P1_HUMAN,none
gpcr.org_family,OR6Q1_HUMAN,none
gpcr.org_family,OR6S1_HUMAN,none
gpcr.org_family,OR6T1_HUMAN,none
gpcr.org_family,OR6V1_HUMAN,none
gpcr.org_family,OR6X1_HUMAN,none
gpcr.org_family,OR6Y1_HUMAN,none
gpcr.org_family,OR7A2_HUMAN,none
gpcr.org_family,OR7A5_HUMAN,208285_at
gpcr.org_family,OR7AA_HUMAN,217316_at
gpcr.org_family,OR7AH_HUMAN,208509_s_at
gpcr.org_family,OR7C1_HUMAN,216690_at
gpcr.org_family,OR7C2_HUMAN,208507_at
gpcr.org_family,OR7D2_HUMAN,1562337_at
gpcr.org_family,OR7D4_HUMAN,none
gpcr.org_family,OR7G1_HUMAN,none
gpcr.org_family,OR7G2_HUMAN,none
gpcr.org_family,OR7G3_HUMAN,none
gpcr.org_family,OR8A1_HUMAN,none
gpcr.org_family,OR8B2_HUMAN,1568939_at
gpcr.org_family,OR8B3_HUMAN,none
gpcr.org_family,OR8B4_HUMAN,none
gpcr.org_family,OR8B8_HUMAN,1555212_at
gpcr.org_family,OR8BC_HUMAN,none
gpcr.org_family,OR8D1_HUMAN,1555661_at
gpcr.org_family,OR8D2_HUMAN,234766_at
gpcr.org_family,OR8D4_HUMAN,none
gpcr.org_family,OR8G1_HUMAN,1567060_at|1567059_at
gpcr.org_family,OR8G2_HUMAN,1567056_at|1567058_at
gpcr.org_family,OR8G5_HUMAN,1567060_at|1567059_at
gpcr.org_family,OR8H1_HUMAN,none
gpcr.org_family,OR8H2_HUMAN,none
gpcr.org_family,OR8H3_HUMAN,none
gpcr.org_family,OR8I2_HUMAN,none
gpcr.org_family,OR8J1_HUMAN,none
gpcr.org_family,OR8J2_HUMAN,none
gpcr.org_family,OR8J3_HUMAN,none
gpcr.org_family,OR8K1_HUMAN,none
gpcr.org_family,OR8K3_HUMAN,none
gpcr.org_family,OR8K5_HUMAN,none
gpcr.org_family,OR8S1_HUMAN,none
gpcr.org_family,OR8U1_HUMAN,none
gpcr.org_family,OR8U8_HUMAN,none
gpcr.org_family,OR8U9_HUMAN,none
gpcr.org_family,OR9A1_HUMAN,1567249_at|1567248_at
gpcr.org_family,OR9A2_HUMAN,none
gpcr.org_family,OR9A4_HUMAN,none
gpcr.org_family,OR9G1_HUMAN,none
gpcr.org_family,OR9G4_HUMAN,none
gpcr.org_family,OR9G9_HUMAN,none
gpcr.org_family,OR9I1_HUMAN,none
gpcr.org_family,OR9K2_HUMAN,none
gpcr.org_family,OR9Q1_HUMAN,none
gpcr.org_family,OR9Q2_HUMAN,none
gpcr.org_family,OX1R_HUMAN,207619_at
gpcr.org_family,OX2R_HUMAN,207393_at
gpcr.org_family,OXER1_HUMAN,1553222_at
gpcr.org_family,OXGR1_HUMAN,1553319_at
gpcr.org_family,OXYR_HUMAN,206825_at
gpcr.org_family,P2RY1_HUMAN,207455_at
gpcr.org_family,P2RY2_HUMAN,206277_at
gpcr.org_family,P2RY4_HUMAN,221466_at
gpcr.org_family,P2RY6_HUMAN,208373_s_at
gpcr.org_family,P2RY8_HUMAN,229686_at
gpcr.org_family,P2Y10_HUMAN,1553856_s_at|214615_at
gpcr.org_family,P2Y11_HUMAN,214546_s_at
gpcr.org_family,P2Y12_HUMAN,224102_at|235885_at
gpcr.org_family,P2Y13_HUMAN,220005_at
gpcr.org_family,P2Y14_HUMAN,206637_at
gpcr.org_family,PAR1_HUMAN,1569642_at|203989_x_at
gpcr.org_family,PAR2_HUMAN,213506_at|206429_at
gpcr.org_family,PAR3_HUMAN,206795_at|230147_at
gpcr.org_family,PAR4_HUMAN,207221_at
gpcr.org_family,PD2R_HUMAN,215937_at|234165_at|215894_at
gpcr.org_family,PE2R1_HUMAN,207650_x_at|231201_at|214391_x_at
gpcr.org_family,PE2R2_HUMAN,206631_at
gpcr.org_family,PE2R3_HUMAN,211909_x_at|213933_at|210374_x_at|208169_s_at|210834_s_at|210832_x_at|210833_at|211265_at|210831_s_at|210375_at
gpcr.org_family,PE2R4_HUMAN,204897_at|204896_s_at
gpcr.org_family,PF2R_HUMAN,1555097_a_at|207177_at
gpcr.org_family,PI2R_HUMAN,206187_at|1555620_a_at
gpcr.org_family,PKR1_HUMAN,none
gpcr.org_family,PKR2_HUMAN,234450_at
gpcr.org_family,PRLHR_HUMAN,231805_at
gpcr.org_family,PSYR_HUMAN,214467_at
gpcr.org_family,PTAFR_HUMAN,206278_at|211661_x_at|227184_at
gpcr.org_family,Q05AH0_HUMAN,211201_at
gpcr.org_family,Q05KQ8_HUMAN,210659_at|229121_at|207652_s_at
gpcr.org_family,Q0IIN4_HUMAN,208183_at
gpcr.org_family,Q0IJ71_HUMAN,1561507_at|231761_at
gpcr.org_family,Q0VAB0_HUMAN,211590_x_at|336_at|207554_x_at|207555_s_at
gpcr.org_family,Q13167_HUMAN,211625_s_at|214559_at
gpcr.org_family,Q147U0_HUMAN,211909_x_at|213933_at|210374_x_at|208169_s_at|210834_s_at|210832_x_at|210833_at|211265_at|210831_s_at|210375_at
gpcr.org_family,Q147X8_HUMAN,211909_x_at|213933_at|210374_x_at|208169_s_at|210834_s_at|210832_x_at|210833_at|211265_at|210831_s_at|210375_at
gpcr.org_family,Q14D80_HUMAN,221362_at
gpcr.org_family,Q17R53_HUMAN,234486_at
gpcr.org_family,Q17RS1_HUMAN,216690_at
gpcr.org_family,Q1JUL6_HUMAN,205458_at|202154_x_at|213476_x_at
gpcr.org_family,Q1JUL8_HUMAN,205458_at|202154_x_at|213476_x_at
gpcr.org_family,Q1JUL9_HUMAN,205458_at|202154_x_at|213476_x_at
gpcr.org_family,Q1JUM0_HUMAN,205458_at|202154_x_at|213476_x_at
gpcr.org_family,Q1JUM2_HUMAN,205458_at|202154_x_at|213476_x_at
gpcr.org_family,Q1JUM3_HUMAN,205458_at|202154_x_at|213476_x_at
gpcr.org_family,Q1JUM4_HUMAN,205458_at|202154_x_at|213476_x_at
gpcr.org_family,Q1JUM5_HUMAN,205458_at|202154_x_at|213476_x_at
gpcr.org_family,Q2YD84_HUMAN,206126_at|216734_s_at
gpcr.org_family,Q2YD89_HUMAN,206187_at|1555620_a_at
gpcr.org_family,Q3KNR3_HUMAN,208059_at
gpcr.org_family,Q3KNS9_HUMAN,244493_at|221288_at
gpcr.org_family,Q3KU23_HUMAN,1553326_at
gpcr.org_family,Q3L3Q6_HUMAN,206991_s_at
gpcr.org_family,Q3LSS9_HUMAN,208335_s_at
gpcr.org_family,Q3LST0_HUMAN,208335_s_at
gpcr.org_family,Q3S2J4_HUMAN,206251_s_at|206252_s_at|206250_x_at
gpcr.org_family,Q3SAH0_HUMAN,244434_at|223620_at
gpcr.org_family,Q3SAH2_HUMAN,244434_at|223620_at
gpcr.org_family,Q4KKW2_HUMAN,210956_at
gpcr.org_family,Q4VBL0_HUMAN,207333_at
gpcr.org_family,Q4VBL2_HUMAN,207794_at|206978_at
gpcr.org_family,Q4VBL3_HUMAN,208556_at
gpcr.org_family,Q4VBL8_HUMAN,210637_at|230908_at|208049_s_at|208048_at
gpcr.org_family,Q4VBL9_HUMAN,208183_at
gpcr.org_family,Q4VBN4_HUMAN,220351_at
gpcr.org_family,Q4VBN6_HUMAN,206795_at|230147_at
gpcr.org_family,Q4VBN9_HUMAN,208335_s_at
gpcr.org_family,Q502V0_HUMAN,221468_at
gpcr.org_family,Q502V2_HUMAN,221066_at
gpcr.org_family,Q502V9_HUMAN,234820_at
gpcr.org_family,Q506J9_HUMAN,1560225_at|207940_x_at|213436_at|208243_s_at
gpcr.org_family,Q52R92_HUMAN,none
gpcr.org_family,Q52R93_HUMAN,none
gpcr.org_family,Q52R94_HUMAN,none
gpcr.org_family,Q53EZ5_HUMAN,206983_at|222999_s_at|221427_s_at|232274_at
gpcr.org_family,Q53FA1_HUMAN,209906_at
gpcr.org_family,Q548M6_HUMAN,221663_x_at|1555715_a_at|220447_at|1555215_a_at
gpcr.org_family,Q548Y0_HUMAN,207393_at
gpcr.org_family,Q59EH9_HUMAN,216924_s_at|211624_s_at|216938_x_at|206590_x_at
gpcr.org_family,Q59ER8_HUMAN,230674_at|218326_s_at|222596_s_at
gpcr.org_family,Q59FW2_HUMAN,220993_s_at
gpcr.org_family,Q59G39_HUMAN,244493_at|221288_at
gpcr.org_family,Q59GA2_HUMAN,215443_at|215442_s_at|210055_at
gpcr.org_family,Q59GL3_HUMAN,224531_at
gpcr.org_family,Q59GP3_HUMAN,214510_at
gpcr.org_family,Q59H16_HUMAN,1552715_a_at|231804_at|238206_at
gpcr.org_family,Q5CZ57_HUMAN,211909_x_at|213933_at|210374_x_at|208169_s_at|210834_s_at|210832_x_at|210833_at|211265_at|210831_s_at|210375_at
gpcr.org_family,Q5CZ59_HUMAN,211909_x_at|213933_at|210374_x_at|208169_s_at|210834_s_at|210832_x_at|210833_at|211265_at|210831_s_at|210375_at
gpcr.org_family,Q5CZ60_HUMAN,211909_x_at|213933_at|210374_x_at|208169_s_at|210834_s_at|210832_x_at|210833_at|211265_at|210831_s_at|210375_at
gpcr.org_family,Q5CZ61_HUMAN,211909_x_at|213933_at|210374_x_at|208169_s_at|210834_s_at|210832_x_at|210833_at|211265_at|210831_s_at|210375_at
gpcr.org_family,Q5CZ62_HUMAN,211909_x_at|213933_at|210374_x_at|208169_s_at|210834_s_at|210832_x_at|210833_at|211265_at|210831_s_at|210375_at
gpcr.org_family,Q5CZ63_HUMAN,211909_x_at|213933_at|210374_x_at|208169_s_at|210834_s_at|210832_x_at|210833_at|211265_at|210831_s_at|210375_at
gpcr.org_family,Q5CZ64_HUMAN,211909_x_at|213933_at|210374_x_at|208169_s_at|210834_s_at|210832_x_at|210833_at|211265_at|210831_s_at|210375_at
gpcr.org_family,Q5EKM8_HUMAN,206991_s_at
gpcr.org_family,Q5EKM9_HUMAN,206991_s_at
gpcr.org_family,Q5EKN0_HUMAN,206991_s_at
gpcr.org_family,Q5IFI4_HUMAN,221354_s_at|230498_at|223855_s_at
gpcr.org_family,Q5KU28_HUMAN,220130_x_at
gpcr.org_family,Q5QIN9_HUMAN,206991_s_at
gpcr.org_family,Q5QIP0_HUMAN,206991_s_at
gpcr.org_family,Q5QIP1_HUMAN,206991_s_at
gpcr.org_family,Q5T0V0_HUMAN,none
gpcr.org_family,Q5T6D8_HUMAN,221387_at
gpcr.org_family,Q5VX04_HUMAN,207818_s_at|236281_x_at|207927_at
gpcr.org_family,Q5Y7A1_HUMAN,208335_s_at
gpcr.org_family,Q5Y7A3_HUMAN,208335_s_at
gpcr.org_family,Q5Y7A4_HUMAN,208335_s_at
gpcr.org_family,Q63ZY2_HUMAN,211829_s_at|210640_s_at
gpcr.org_family,Q684M0_HUMAN,207578_s_at|207577_at|216939_s_at
gpcr.org_family,Q68CR4_HUMAN,none
gpcr.org_family,Q68DM8_HUMAN,205870_at
gpcr.org_family,Q6FGM5_HUMAN,206564_at|206563_s_at
gpcr.org_family,Q6FH34_HUMAN,214652_at
gpcr.org_family,Q6FHU6_HUMAN,211829_s_at|210640_s_at
gpcr.org_family,Q6GPG7_HUMAN,204036_at|204038_s_at|204037_at
gpcr.org_family,Q6IBH2_HUMAN,207183_at
gpcr.org_family,Q6IEV0_HUMAN,none
gpcr.org_family,Q6IEV1_HUMAN,none
gpcr.org_family,Q6IEW6_HUMAN,1555212_at
gpcr.org_family,Q6IEX5_HUMAN,none
gpcr.org_family,Q6IEZ2_HUMAN,none
gpcr.org_family,Q6IF01_HUMAN,none
gpcr.org_family,Q6IF36_HUMAN,1567056_at|1567058_at
gpcr.org_family,Q6IF40_HUMAN,none
gpcr.org_family,Q6IF78_HUMAN,none
gpcr.org_family,Q6IFA1_HUMAN,216408_at
gpcr.org_family,Q6IFD1_HUMAN,none
gpcr.org_family,Q6IFE0_HUMAN,1552991_at
gpcr.org_family,Q6IFG6_HUMAN,1555651_at
gpcr.org_family,Q6IFI8_HUMAN,none
gpcr.org_family,Q6IFI9_HUMAN,none
gpcr.org_family,Q6IFL7_HUMAN,none
gpcr.org_family,Q6IFM2_HUMAN,none
gpcr.org_family,Q6IFM7_HUMAN,none
gpcr.org_family,Q6IFM9_HUMAN,none
gpcr.org_family,Q6IFP3_HUMAN,none
gpcr.org_family,Q6IFQ5_HUMAN,221339_at
gpcr.org_family,Q6IFR1_HUMAN,1555655_at
gpcr.org_family,Q6IFR3_HUMAN,none
gpcr.org_family,Q6LAJ3_HUMAN,214506_at|1552440_at
gpcr.org_family,Q6LEE7_HUMAN,210659_at|229121_at|207652_s_at
gpcr.org_family,Q6NUM3_HUMAN,221347_at
gpcr.org_family,Q6NUP5_HUMAN,205357_s_at|208016_s_at
gpcr.org_family,Q6NWM5_HUMAN,221294_at
gpcr.org_family,Q6NWQ5_HUMAN,221358_at
gpcr.org_family,Q6NWQ8_HUMAN,221149_at
gpcr.org_family,Q6NWQ9_HUMAN,221149_at
gpcr.org_family,Q6NWR0_HUMAN,221149_at
gpcr.org_family,Q6NWR3_HUMAN,222953_at
gpcr.org_family,Q6NWR5_HUMAN,211249_at|229055_at
gpcr.org_family,Q6NWR6_HUMAN,211249_at|229055_at
gpcr.org_family,Q6NWR7_HUMAN,220993_s_at
gpcr.org_family,Q6NWR8_HUMAN,220993_s_at
gpcr.org_family,Q6NWR9_HUMAN,220993_s_at
gpcr.org_family,Q6NWS6_HUMAN,214558_at
gpcr.org_family,Q6NWS7_HUMAN,214558_at
gpcr.org_family,Q6NWS8_HUMAN,214558_at
gpcr.org_family,Q6RYQ6_HUMAN,1555097_a_at|207177_at
gpcr.org_family,Q6TTN3_HUMAN,211909_x_at|213933_at|210374_x_at|208169_s_at|210834_s_at|210832_x_at|210833_at|211265_at|210831_s_at|210375_at
gpcr.org_family,Q6UPP1_HUMAN,211359_s_at|207994_s_at|207989_at
gpcr.org_family,Q6UR92_HUMAN,205458_at|202154_x_at|213476_x_at
gpcr.org_family,Q6UR93_HUMAN,205458_at|202154_x_at|213476_x_at
gpcr.org_family,Q6UR94_HUMAN,205458_at|202154_x_at|213476_x_at
gpcr.org_family,Q6UR95_HUMAN,205458_at|202154_x_at|213476_x_at
gpcr.org_family,Q6UR96_HUMAN,205458_at|202154_x_at|213476_x_at
gpcr.org_family,Q6UR97_HUMAN,205458_at|202154_x_at|213476_x_at
gpcr.org_family,Q6UR98_HUMAN,205458_at|202154_x_at|213476_x_at
gpcr.org_family,Q6UR99_HUMAN,205458_at|202154_x_at|213476_x_at
gpcr.org_family,Q6URA0_HUMAN,205458_at|202154_x_at|213476_x_at
gpcr.org_family,Q6UXT6_HUMAN,none
gpcr.org_family,Q6XGY1_HUMAN,1553067_a_at
gpcr.org_family,Q6ZMP9_HUMAN,210264_at
gpcr.org_family,Q711G2_HUMAN,none
gpcr.org_family,Q712M9_HUMAN,207578_s_at|207577_at|216939_s_at
gpcr.org_family,Q71V90_HUMAN,211359_s_at|207994_s_at|207989_at
gpcr.org_family,Q76L88_HUMAN,none
gpcr.org_family,Q7KZS6_HUMAN,205458_at|202154_x_at|213476_x_at
gpcr.org_family,Q7L853_HUMAN,204642_at
gpcr.org_family,Q7Z3T3_HUMAN,208335_s_at
gpcr.org_family,Q7Z5R9_HUMAN,220805_at
gpcr.org_family,Q7Z7I1_HUMAN,206887_at|1559432_at|1568850_at
gpcr.org_family,Q86SF1_HUMAN,none
gpcr.org_family,Q86SF3_HUMAN,1567257_at|1567256_at
gpcr.org_family,Q86SF4_HUMAN,none
gpcr.org_family,Q86SG0_HUMAN,none
gpcr.org_family,Q86SG9_HUMAN,none
gpcr.org_family,Q86SH1_HUMAN,none
gpcr.org_family,Q86SH3_HUMAN,none
gpcr.org_family,Q86SI3_HUMAN,none
gpcr.org_family,Q86SI5_HUMAN,none
gpcr.org_family,Q86SI8_HUMAN,none
gpcr.org_family,Q86SJ4_HUMAN,none
gpcr.org_family,Q86UG7_HUMAN,none
gpcr.org_family,Q86UG8_HUMAN,none
gpcr.org_family,Q86UG9_HUMAN,none
gpcr.org_family,Q86UH0_HUMAN,none
gpcr.org_family,Q86V80_HUMAN,211359_s_at|207994_s_at|207989_at
gpcr.org_family,Q86YF2_HUMAN,1553178_a_at|214491_at
gpcr.org_family,Q86YW1_HUMAN,205458_at|202154_x_at|213476_x_at
gpcr.org_family,Q8IVW0_HUMAN,221347_at
gpcr.org_family,Q8IWP3_HUMAN,229944_at|207553_at
gpcr.org_family,Q8IWP5_HUMAN,208335_s_at
gpcr.org_family,Q8IXB0_HUMAN,206564_at|206563_s_at
gpcr.org_family,Q8IXE2_HUMAN,227727_at
gpcr.org_family,Q8IXE7_HUMAN,none
gpcr.org_family,Q8IXH9_HUMAN,207578_s_at|207577_at|216939_s_at
gpcr.org_family,Q8N0Y1_HUMAN,1567056_at|1567058_at
gpcr.org_family,Q8N164_HUMAN,none
gpcr.org_family,Q8N537_HUMAN,230674_at|218326_s_at|222596_s_at
gpcr.org_family,Q8N7J6_HUMAN,227727_at
gpcr.org_family,Q8NEN2_HUMAN,234303_s_at|219898_at
gpcr.org_family,Q8NG79_HUMAN,1553061_at
gpcr.org_family,Q8NG87_HUMAN,1567056_at|1567058_at
gpcr.org_family,Q8NG89_HUMAN,none
gpcr.org_family,Q8NGB0_HUMAN,none
gpcr.org_family,Q8NGD8_HUMAN,1553061_at
gpcr.org_family,Q8NGE6_HUMAN,none
gpcr.org_family,Q8NGF2_HUMAN,none
gpcr.org_family,Q8NGG9_HUMAN,none
gpcr.org_family,Q8NGL5_HUMAN,none
gpcr.org_family,Q8NGM0_HUMAN,none
gpcr.org_family,Q8NGM4_HUMAN,none
gpcr.org_family,Q8NGM6_HUMAN,none
gpcr.org_family,Q8NGU0_HUMAN,none
gpcr.org_family,Q8NGU7_HUMAN,none
gpcr.org_family,Q8NGV4_HUMAN,none
gpcr.org_family,Q8NGW3_HUMAN,none
gpcr.org_family,Q8NGX4_HUMAN,none
gpcr.org_family,Q8NGX7_HUMAN,none
gpcr.org_family,Q8NGY4_HUMAN,none
gpcr.org_family,Q8NH11_HUMAN,none
gpcr.org_family,Q8NH20_HUMAN,none
gpcr.org_family,Q8NH36_HUMAN,none
gpcr.org_family,Q8NH44_HUMAN,none
gpcr.org_family,Q8NH45_HUMAN,none
gpcr.org_family,Q8NH46_HUMAN,none
gpcr.org_family,Q8NH47_HUMAN,none
gpcr.org_family,Q8NH58_HUMAN,none
gpcr.org_family,Q8NH62_HUMAN,none
gpcr.org_family,Q8NH66_HUMAN,none
gpcr.org_family,Q8NH68_HUMAN,none
gpcr.org_family,Q8NH71_HUMAN,none
gpcr.org_family,Q8NH75_HUMAN,none
gpcr.org_family,Q8NH77_HUMAN,none
gpcr.org_family,Q8NH84_HUMAN,none
gpcr.org_family,Q8NH86_HUMAN,none
gpcr.org_family,Q8NH88_HUMAN,none
gpcr.org_family,Q8NH91_HUMAN,none
gpcr.org_family,Q8NH97_HUMAN,none
gpcr.org_family,Q8NH98_HUMAN,none
gpcr.org_family,Q8NH99_HUMAN,none
gpcr.org_family,Q8NHA0_HUMAN,none
gpcr.org_family,Q8NHA1_HUMAN,none
gpcr.org_family,Q8NHA2_HUMAN,none
gpcr.org_family,Q8NHA7_HUMAN,221339_at
gpcr.org_family,Q8NHB5_HUMAN,none
gpcr.org_family,Q8NHB6_HUMAN,none
gpcr.org_family,Q8NHC0_HUMAN,none
gpcr.org_family,Q8NHC1_HUMAN,none
gpcr.org_family,Q8NHC2_HUMAN,none
gpcr.org_family,Q8NHD6_HUMAN,none
gpcr.org_family,Q8NI49_HUMAN,221663_x_at|1555715_a_at|220447_at|1555215_a_at
gpcr.org_family,Q8TAM0_HUMAN,1554559_at
gpcr.org_family,Q8TB90_HUMAN,215443_at|215442_s_at|210055_at
gpcr.org_family,Q8TBK4_HUMAN,205357_s_at|208016_s_at
gpcr.org_family,Q8WXZ9_HUMAN,221663_x_at|1555715_a_at|220447_at|1555215_a_at
gpcr.org_family,Q8WY00_HUMAN,221663_x_at|1555715_a_at|220447_at|1555215_a_at
gpcr.org_family,Q8WY01_HUMAN,221663_x_at|1555715_a_at|220447_at|1555215_a_at
gpcr.org_family,Q96LD9_HUMAN,221169_s_at|221170_at
gpcr.org_family,Q96RG8_HUMAN,221357_at
gpcr.org_family,Q96RG9_HUMAN,1553705_a_at|1564339_a_at|1559634_at|1559633_a_at|214596_at
gpcr.org_family,Q96RH0_HUMAN,221330_at
gpcr.org_family,Q96RH1_HUMAN,231783_at
gpcr.org_family,Q9BXA0_HUMAN,211919_s_at|209201_x_at|217028_at
gpcr.org_family,Q9BYT4_HUMAN,none
gpcr.org_family,Q9BYY6_HUMAN,1560225_at|207940_x_at|213436_at|208243_s_at
gpcr.org_family,Q9H2C6_HUMAN,none
gpcr.org_family,Q9H2C7_HUMAN,none
gpcr.org_family,Q9H345_HUMAN,none
gpcr.org_family,Q9NRB8_HUMAN,231192_at|220816_at
gpcr.org_family,Q9P2Q4_HUMAN,221458_at
gpcr.org_family,Q9UBJ7_HUMAN,206991_s_at
gpcr.org_family,Q9UBT9_HUMAN,206991_s_at
gpcr.org_family,Q9UM77_HUMAN,none
gpcr.org_family,Q9UN23_HUMAN,206991_s_at
gpcr.org_family,Q9UN24_HUMAN,206991_s_at
gpcr.org_family,Q9UN25_HUMAN,206991_s_at
gpcr.org_family,Q9UN26_HUMAN,206991_s_at
gpcr.org_family,Q9UN27_HUMAN,206991_s_at
gpcr.org_family,Q9UN28_HUMAN,206991_s_at
gpcr.org_family,Q9UQS0_HUMAN,none
gpcr.org_family,QRFPR_HUMAN,1555533_at
gpcr.org_family,RGR_HUMAN,1559714_at|1555219_at|207070_at
gpcr.org_family,RL3R1_HUMAN,221066_at
gpcr.org_family,RL3R2_HUMAN,none
gpcr.org_family,RXFP1_HUMAN,1552715_a_at|231804_at|238206_at
gpcr.org_family,RXFP2_HUMAN,1553326_at
gpcr.org_family,S1PR1_HUMAN,204642_at|239401_at
gpcr.org_family,S1PR2_HUMAN,227684_at|208537_at
gpcr.org_family,S1PR3_HUMAN,228176_at|231741_at|1564274_at|231286_at
gpcr.org_family,S1PR4_HUMAN,206437_at
gpcr.org_family,S1PR5_HUMAN,233743_x_at|230464_at|221417_x_at
gpcr.org_family,SLIT1_HUMAN,208221_s_at|213601_at
gpcr.org_family,SLIT2_HUMAN,230130_at|228850_s_at|209897_s_at
gpcr.org_family,SLIT3_HUMAN,203813_s_at|203812_at|216216_at
gpcr.org_family,SSF1_HUMAN,221649_s_at|214546_s_at
gpcr.org_family,SSR1_HUMAN,235591_at|208482_at
gpcr.org_family,SSR2_HUMAN,239031_at|214597_at|217455_s_at
gpcr.org_family,SSR3_HUMAN,1553178_a_at|214491_at
gpcr.org_family,SSR4_HUMAN,214556_at
gpcr.org_family,SSR5_HUMAN,214555_at
gpcr.org_family,SUCR1_HUMAN,223939_at
gpcr.org_family,TA2R_HUMAN,211590_x_at|336_at|207554_x_at|207555_s_at
gpcr.org_family,TAAR1_HUMAN,1553930_at
gpcr.org_family,TAAR2_HUMAN,221394_at
gpcr.org_family,TAAR3_HUMAN,221393_at
gpcr.org_family,TAAR5_HUMAN,221459_at
gpcr.org_family,TAAR6_HUMAN,none
gpcr.org_family,TAAR8_HUMAN,1553552_at
gpcr.org_family,TAAR9_HUMAN,1553066_at
gpcr.org_family,TBB3_HUMAN,205458_at|202154_x_at|213476_x_at
gpcr.org_family,TRFR_HUMAN,211438_at
gpcr.org_family,TSHR_HUMAN,215443_at|215442_s_at|210055_at
gpcr.org_family,UR2R_HUMAN,1553262_a_at
gpcr.org_family,V1AR_HUMAN,206251_s_at|206252_s_at|206250_x_at
gpcr.org_family,V1BR_HUMAN,208260_at
gpcr.org_family,V2R_HUMAN,208111_at|208108_s_at
gpcr.org_family,XCR1_HUMAN,221468_at|1561226_at
gpcr.org_family,YI035_HUMAN,none
