hgu133plus2ID,HGNC.symbol,number.sources,databases.foundin,times.mapped.to
205381_at,LRRC17,5,signal|uniprot_secreted1|Zhang|clark|GO:0005576,5
232924_at,LRRC17,5,signal|uniprot_secreted1|Zhang|clark|GO:0005576,5
215610_at,ALG1L2,5,signal|uniprot_secreted1|Zhang|clark|GO:0005576,5
237513_at,PRSS58,5,signal|uniprot_secreted1|Zhang|clark|GO:0005576,5
220783_at,MMP27,5,signal|uniprot_secreted1|Zhang|clark|GO:0005576,5
235874_at,PRSS35,5,signal|uniprot_secreted1|Zhang|clark|GO:0005576,5
214296_x_at,IZUMO4,5,signal|uniprot_secreted1|Zhang|clark|GO:0005576,5
215734_at,IZUMO4,5,signal|uniprot_secreted1|Zhang|clark|GO:0005576,5
1562601_at,UNQ6975,4,uniprot_secreted1|Zhang|clark|GO:0005576,4
243734_x_at,NA,4,uniprot_secreted1|Zhang|clark|GO:0005576,4
226960_at,CXCL17,4,uniprot_secreted1|Zhang|clark|GO:0005576,4
1564052_at,TREML4,4,uniprot_secreted1|Zhang|clark|GO:0005576,4
1567558_at,TREML4,4,uniprot_secreted1|Zhang|clark|GO:0005576,4
1567559_s_at,TREML4,4,uniprot_secreted1|Zhang|clark|GO:0005576,4
220437_at,C19orf80,4,uniprot_secreted1|Zhang|clark|GO:0005576,4
219196_at,SCG3,4,uniprot_secreted1|Zhang|clark|GO:0005576,4
235272_at,SBSN,4,uniprot_secreted1|Zhang|clark|GO:0005576,4
1554012_at,RSPO2,4,uniprot_secreted1|Zhang|clark|GO:0005576,8
242061_at,RSPO2,4,uniprot_secreted1|Zhang|clark|GO:0005576,4
1556773_at,NA,4,uniprot_secreted1|Zhang|GO:0005576|gpcr.org_structure,7
206300_s_at,PTHLH,4,uniprot_secreted1|Zhang|GO:0005576|gpcr.org_structure,8
210355_at,PTHLH,4,uniprot_secreted1|Zhang|GO:0005576|gpcr.org_structure,7
211756_at,PTHLH,4,uniprot_secreted1|Zhang|GO:0005576|gpcr.org_structure,7
243669_s_at,PRAP1,4,uniprot_secreted1|Zhang|clark|GO:0005576,4
233148_at,PODN,4,uniprot_secreted1|Zhang|clark|GO:0005576,4
226522_at,PODN,4,uniprot_secreted1|Zhang|clark|GO:0005576,4
212768_s_at,OLFM4,4,uniprot_secreted1|Zhang|clark|GO:0005576,4
207343_at,LYZL6,4,uniprot_secreted1|Zhang|clark|GO:0005576,4
230514_s_at,NA,4,uniprot_secreted1|Zhang|clark|GO:0005576,7
1559864_at,LCN6,4,uniprot_secreted1|Zhang|clark|GO:0005576,4
234894_at,ITIH6,4,uniprot_secreted1|Zhang|clark|GO:0005576,4
207191_s_at,ISLR,4,uniprot_secreted1|Zhang|clark|GO:0005576,4
220054_at,IL23A,4,uniprot_secreted1|Zhang|clark|GO:0005576,4
213713_s_at,GLB1L2,4,uniprot_secreted1|Zhang|clark|GO:0005576,4
206540_at,GLB1L,4,uniprot_secreted1|Zhang|clark|GO:0005576,4
238222_at,GKN2,4,uniprot_secreted1|Zhang|clark|GO:0005576,4
214076_at,GFOD2,4,uniprot_secreted1|Zhang|clark|GO:0005576,4
221028_s_at,GFOD2,4,uniprot_secreted1|Zhang|clark|GO:0005576,4
223836_at,FGFBP2,4,uniprot_secreted1|Zhang|clark|GO:0005576,4
227194_at,FAM3B,4,uniprot_secreted1|Zhang|clark|GO:0005576,4
217540_at,NXPE3,4,uniprot_secreted1|Zhang|clark|GO:0005576,4
243011_at,NXPE3,4,uniprot_secreted1|Zhang|clark|GO:0005576,4
243606_at,NXPE3,4,uniprot_secreted1|Zhang|clark|GO:0005576,4
235030_at,NXPE3,4,uniprot_secreted1|Zhang|clark|GO:0005576,4
238018_at,FAM150B,4,uniprot_secreted1|Zhang|clark|GO:0005576,4
232807_at,FAM131A,4,uniprot_secreted1|Zhang|clark|GO:0005576,4
232806_s_at,FAM131A,4,uniprot_secreted1|Zhang|clark|GO:0005576,4
221904_at,FAM131A,4,uniprot_secreted1|Zhang|clark|GO:0005576,4
218021_at,NA,4,uniprot_secreted1|Zhang|clark|GO:0005576,5
226121_at,DHRS13,4,uniprot_secreted1|Zhang|clark|GO:0005576,4
223475_at,CRISPLD1,4,uniprot_secreted1|Zhang|clark|GO:0005576,5
219873_at,COLEC11,4,uniprot_secreted1|Zhang|clark|GO:0005576,4
207420_at,COLEC10,4,uniprot_secreted1|Zhang|clark|GO:0005576,4
227313_at,CNPY4,4,uniprot_secreted1|Zhang|clark|GO:0005576,4
217700_at,CNPY4,4,uniprot_secreted1|Zhang|clark|GO:0005576,4
231802_at,CLEC3A,4,uniprot_secreted1|Zhang|clark|GO:0005576,4
227735_s_at,C10orf99,4,uniprot_secreted1|Zhang|clark|GO:0005576,4
227736_at,C10orf99,4,uniprot_secreted1|Zhang|clark|GO:0005576,4
211248_s_at,CHRD,4,uniprot_secreted1|Zhang|clark|GO:0005576,4
221674_s_at,CHRD,4,uniprot_secreted1|Zhang|clark|GO:0005576,4
229641_at,CCBE1,4,uniprot_secreted1|Zhang|clark|GO:0005576,4
242324_x_at,CCBE1,4,uniprot_secreted1|Zhang|clark|GO:0005576,4
243805_at,CCBE1,4,uniprot_secreted1|Zhang|clark|GO:0005576,4
228087_at,CCDC126,4,uniprot_secreted1|Zhang|clark|GO:0005576,4
228061_at,CCDC126,4,uniprot_secreted1|Zhang|clark|GO:0005576,4
223459_s_at,C1orf56,4,uniprot_secreted1|Zhang|clark|GO:0005576,4
221222_s_at,C1orf56,4,uniprot_secreted1|Zhang|clark|GO:0005576,4
230468_s_at,C1orf56,4,uniprot_secreted1|Zhang|clark|GO:0005576,4
1554233_at,C1QTNF9,4,uniprot_secreted1|Zhang|clark|GO:0005576,4
220208_at,ADAMTS13,4,uniprot_secreted1|Zhang|clark|GO:0005576,4
223844_at,ADAMTS13,4,uniprot_secreted1|Zhang|clark|GO:0005576,4
223317_at,ALKBH7,4,uniprot_secreted1|Zhang|clark|GO:0005576,4
227878_s_at,ALKBH7,4,uniprot_secreted1|Zhang|clark|GO:0005576,4
223318_s_at,ALKBH7,4,uniprot_secreted1|Zhang|clark|GO:0005576,4
239475_at,ACPL2,4,uniprot_secreted1|Zhang|clark|GO:0005576,4
226925_at,ACPL2,4,uniprot_secreted1|Zhang|clark|GO:0005576,4
214568_at,TPSD1,4,signal|uniprot_secreted1|Zhang|GO:0005576,4
207409_at,LECT2,4,signal|uniprot_secreted1|Zhang|GO:0005576,4
216474_x_at,NA,4,signal|uniprot_secreted1|Zhang|GO:0005576,7
217023_x_at,NA,4,signal|uniprot_secreted1|Zhang|GO:0005576,7
240420_at,AADACL2,4,signal|uniprot_secreted1|Zhang|GO:0005576,4
206859_s_at,PAEP,4,signal|uniprot_secreted1|Zhang|GO:0005576,4
217428_s_at,COL10A1,4,signal|uniprot_secreted1|Zhang|GO:0005576,4
205941_s_at,COL10A1,4,signal|uniprot_secreted1|Zhang|GO:0005576,4
236863_at,C17orf67,4,signal|uniprot_secreted1|Zhang|GO:0005576,4
214411_x_at,CTRB2,4,signal|uniprot_secreted1|Zhang|GO:0005576,4
1564307_a_at,A2ML1,4,signal|uniprot_secreted1|Zhang|GO:0005576,5
210074_at,CTSV,4,signal|uniprot_secreted1|Zhang|clark,4
1558846_at,PNLIPRP3,4,signal|uniprot_secreted1|Zhang|GO:0005576,4
220811_at,PRG3,4,signal|uniprot_secreted1|Zhang|clark,4
1553417_at,C11orf44,4,signal|uniprot_secreted1|Zhang|GO:0005576,4
1564333_a_at,PSAPL1,4,signal|uniprot_secreted1|Zhang|GO:0005576,4
218500_at,THEM6,4,signal|uniprot_secreted1|Zhang|GO:0005576,4
219009_at,C14orf93,4,signal|uniprot_secreted1|Zhang|GO:0005576,4
1557085_at,PLAC1L,4,signal|uniprot_secreted1|Zhang|GO:0005576,4
219506_at,C1orf54,4,signal|uniprot_secreted1|Zhang|GO:0005576,4
211743_s_at,PRG2,4,signal|uniprot_secreted1|Zhang|GO:0005576,4
1553400_a_at,CRHR1-IT1,4,signal|uniprot_secreted1|Zhang|GO:0005576,4
1553399_a_at,CRHR1-IT1,4,signal|uniprot_secreted1|Zhang|GO:0005576,4
1558611_at,CRHR1-IT1,4,signal|uniprot_secreted1|Zhang|GO:0005576,4
229770_at,GLT1D1,4,signal|uniprot_secreted1|Zhang|GO:0005576,4
219064_at,ITIH5,4,signal|uniprot_secreted1|clark|GO:0005576,4
1553243_at,ITIH5,4,signal|uniprot_secreted1|clark|GO:0005576,4
220657_at,KLHL11,4,signal|uniprot_secreted1|Zhang|GO:0005576,4
216968_at,MASP2,4,signal|uniprot_secreted1|Zhang|GO:0005576,4
207041_at,MASP2,4,signal|uniprot_secreted1|Zhang|GO:0005576,4
210798_x_at,MASP2,4,signal|uniprot_secreted1|Zhang|GO:0005576,4
233091_at,ATAD3B,3,uniprot_secreted1|Zhang|GO:0005576,3
228651_at,VWA1,3,uniprot_secreted1|Zhang|GO:0005576,3
225983_s_at,VWA1,3,uniprot_secreted1|Zhang|GO:0005576,3
222724_at,VWA1,3,uniprot_secreted1|Zhang|GO:0005576,3
218731_s_at,VWA1,3,uniprot_secreted1|Zhang|GO:0005576,3
222723_at,VWA1,3,uniprot_secreted1|Zhang|GO:0005576,3
205586_x_at,VGF,3,uniprot_secreted1|Zhang|GO:0005576,3
221253_s_at,NA,3,uniprot_secreted1|Zhang|clark,3
226747_at,TXNDC16,3,uniprot_secreted1|Zhang|GO:0005576,3
235737_at,TSLP,3,uniprot_secreted1|Zhang|GO:0005576,3
230137_at,TMEM155,3,uniprot_secreted1|Zhang|GO:0005576,3
203673_at,TG,3,uniprot_secreted1|Zhang|GO:0005576,3
220518_at,ABI3BP,3,uniprot_secreted1|Zhang|GO:0005576,3
223395_at,ABI3BP,3,uniprot_secreted1|Zhang|GO:0005576,3
1559077_at,ABI3BP,3,uniprot_secreted1|Zhang|GO:0005576,3
224724_at,SULF2,3,uniprot_secreted1|Zhang|clark,3
233555_s_at,SULF2,3,uniprot_secreted1|Zhang|clark,3
216639_at,SRPX2,3,uniprot_secreted1|Zhang|GO:0005576,3
205499_at,SRPX2,3,uniprot_secreted1|Zhang|GO:0005576,3
218164_at,SPATA20,3,uniprot_secreted1|Zhang|GO:0005576,3
229352_at,NA,3,uniprot_secreted1|Zhang|clark,3
242086_at,SPATA6,3,uniprot_secreted1|Zhang|GO:0005576,3
220299_at,SPATA6,3,uniprot_secreted1|Zhang|GO:0005576,3
238459_x_at,SPATA6,3,uniprot_secreted1|Zhang|GO:0005576,3
220298_s_at,SPATA6,3,uniprot_secreted1|Zhang|GO:0005576,3
231405_at,SPACA7,3,uniprot_secreted1|Zhang|GO:0005576,3
213488_at,SNED1,3,uniprot_secreted1|Zhang|GO:0005576,3
1554798_at,SNED1,3,uniprot_secreted1|Zhang|GO:0005576,3
213493_at,SNED1,3,uniprot_secreted1|Zhang|GO:0005576,3
243946_at,SMOC2,3,uniprot_secreted1|Zhang|GO:0005576,3
223235_s_at,SMOC2,3,uniprot_secreted1|Zhang|GO:0005576,3
222783_s_at,SMOC1,3,uniprot_secreted1|Zhang|GO:0005576,3
222784_at,SMOC1,3,uniprot_secreted1|Zhang|GO:0005576,3
232891_at,SIRPD,3,uniprot_secreted1|Zhang|GO:0005576,3
218436_at,SIL1,3,uniprot_secreted1|Zhang|clark,3
215689_s_at,SHBG,3,uniprot_secreted1|Zhang|GO:0005576,3
1553579_a_at,NA,3,uniprot_secreted1|Zhang|GO:0005576,4
1553582_a_at,NA,3,uniprot_secreted1|Zhang|GO:0005576,5
211381_x_at,SPAG11B,3,uniprot_secreted1|Zhang|GO:0005576,8
207271_x_at,SPAG11B,3,uniprot_secreted1|Zhang|GO:0005576,8
210884_s_at,SPAG11A,3,uniprot_secreted1|Zhang|GO:0005576,7
228407_at,SCUBE3,3,uniprot_secreted1|Zhang|GO:0005576,3
217600_at,SCUBE3,3,uniprot_secreted1|Zhang|GO:0005576,3
230290_at,SCUBE3,3,uniprot_secreted1|Zhang|GO:0005576,3
230253_at,SCUBE3,3,uniprot_secreted1|Zhang|GO:0005576,3
204260_at,CHGB,3,uniprot_secreted1|Zhang|GO:0005576,3
237423_at,RSPO4,3,uniprot_secreted1|Zhang|GO:0005576,3
228186_s_at,RSPO3,3,uniprot_secreted1|Zhang|GO:0005576,3
241450_at,RSPO1,3,uniprot_secreted1|Zhang|GO:0005576,3
1562581_at,LOC254028,3,uniprot_secreted1|Zhang|GO:0005576,3
219102_at,RCN3,3,uniprot_secreted1|Zhang|clark,3
61734_at,RCN3,3,uniprot_secreted1|Zhang|clark,3
212012_at,PXDN,3,uniprot_secreted1|Zhang|GO:0005576,3
212013_at,PXDN,3,uniprot_secreted1|Zhang|GO:0005576,3
208408_at,PTN,3,uniprot_secreted1|Zhang|GO:0005576,3
209466_x_at,PTN,3,uniprot_secreted1|Zhang|GO:0005576,3
211737_x_at,PTN,3,uniprot_secreted1|Zhang|GO:0005576,3
209465_x_at,PTN,3,uniprot_secreted1|Zhang|GO:0005576,3
208257_x_at,PSG1,3,uniprot_secreted1|Zhang|GO:0005576,3
210195_s_at,PSG1,3,uniprot_secreted1|Zhang|GO:0005576,3
210196_s_at,PSG1,3,uniprot_secreted1|Zhang|GO:0005576,3
214226_at,PRSS53,3,uniprot_secreted1|Zhang|GO:0005576,3
1552348_at,PRSS33,3,uniprot_secreted1|Zhang|GO:0005576,3
1552349_a_at,PRSS33,3,uniprot_secreted1|Zhang|GO:0005576,3
233975_at,PRNT,3,uniprot_secreted1|Zhang|GO:0005576,3
220411_x_at,PODNL1,3,uniprot_secreted1|Zhang|GO:0005576,3
218454_at,PLBD1,3,uniprot_secreted1|Zhang|GO:0005576,3
222639_s_at,PLBD1,3,uniprot_secreted1|Zhang|GO:0005576,3
219584_at,PLA1A,3,uniprot_secreted1|Zhang|GO:0005576,3
207384_at,PGLYRP1,3,uniprot_secreted1|clark|GO:0005576,3
222681_at,POGLUT1,3,uniprot_secreted1|Zhang|clark,3
218587_s_at,POGLUT1,3,uniprot_secreted1|Zhang|clark,3
218953_s_at,PCYOX1L,3,uniprot_secreted1|Zhang|GO:0005576,3
243268_at,PATE2,3,uniprot_secreted1|clark|GO:0005576,3
213661_at,PAMR1,3,uniprot_secreted1|clark|GO:0005576,3
204458_at,PLA2G15,3,uniprot_secreted1|clark|GO:0005576,3
228703_at,P4HA3,3,uniprot_secreted1|Zhang|clark,3
1560715_at,P4HA3,3,uniprot_secreted1|Zhang|clark,3
202733_at,P4HA2,3,uniprot_secreted1|Zhang|clark,3
230966_at,IL4I1,3,uniprot_secreted1|Zhang|clark,3
240818_at,OVCH1-AS1,3,uniprot_secreted1|Zhang|GO:0005576,3
230478_at,OIT3,3,uniprot_secreted1|Zhang|clark,3
228649_at,NOTUM,3,uniprot_secreted1|Zhang|GO:0005576,3
202008_s_at,NID1,3,uniprot_secreted1|Zhang|GO:0005576,3
202007_at,NID1,3,uniprot_secreted1|Zhang|GO:0005576,3
1561082_at,NID1,3,uniprot_secreted1|Zhang|GO:0005576,3
206291_at,NTS,3,uniprot_secreted1|Zhang|GO:0005576,3
223806_s_at,NAPSA,3,uniprot_secreted1|Zhang|GO:0005576,3
210155_at,MYOC,3,uniprot_secreted1|Zhang|GO:0005576,3
209596_at,MXRA5,3,uniprot_secreted1|Zhang|GO:0005576,3
214133_at,MUC6,3,uniprot_secreted1|Zhang|GO:0005576,3
1565666_s_at,MUC6,3,uniprot_secreted1|Zhang|GO:0005576,3
1565662_at,MUC6,3,uniprot_secreted1|Zhang|GO:0005576,3
213432_at,MUC5B,3,uniprot_secreted1|Zhang|GO:0005576,3
231688_at,MMP8,3,uniprot_secreted1|Zhang|GO:0005576,3
207329_at,MMP8,3,uniprot_secreted1|Zhang|GO:0005576,3
235908_at,MMP11,3,uniprot_secreted1|Zhang|GO:0005576,3
203876_s_at,MMP11,3,uniprot_secreted1|Zhang|GO:0005576,3
213602_s_at,MMP11,3,uniprot_secreted1|Zhang|GO:0005576,3
203877_at,MMP11,3,uniprot_secreted1|Zhang|GO:0005576,3
203878_s_at,MMP11,3,uniprot_secreted1|Zhang|GO:0005576,3
225955_at,METRNL,3,uniprot_secreted1|Zhang|GO:0005576,3
231306_at,LYZL4,3,uniprot_secreted1|Zhang|GO:0005576,3
233973_at,LYZL1,3,uniprot_secreted1|Zhang|GO:0005576,3
237144_at,LTBP3,3,uniprot_secreted1|Zhang|GO:0005576,4
227308_x_at,LTBP3,3,uniprot_secreted1|Zhang|GO:0005576,5
219922_s_at,LTBP3,3,uniprot_secreted1|Zhang|GO:0005576,5
229387_at,LRCH3,3,uniprot_secreted1|Zhang|GO:0005576,3
240926_at,LRCH3,3,uniprot_secreted1|Zhang|GO:0005576,3
214739_at,LRCH3,3,uniprot_secreted1|Zhang|GO:0005576,3
228119_at,LRCH3,3,uniprot_secreted1|Zhang|GO:0005576,3
1553668_at,LRCH3,3,uniprot_secreted1|Zhang|GO:0005576,3
1559490_at,LRCH3,3,uniprot_secreted1|Zhang|GO:0005576,3
235347_at,LRCH3,3,uniprot_secreted1|Zhang|GO:0005576,3
1569532_a_at,LCN15,3,uniprot_secreted1|clark|GO:0005576,3
216390_at,LCAT,3,uniprot_secreted1|Zhang|GO:0005576,3
204428_s_at,LCAT,3,uniprot_secreted1|Zhang|GO:0005576,3
216622_at,LAMB4,3,uniprot_secreted1|Zhang|GO:0005576,3
234334_s_at,LAMB4,3,uniprot_secreted1|Zhang|GO:0005576,3
215516_at,LAMB4,3,uniprot_secreted1|Zhang|GO:0005576,3
207509_s_at,LAIR2,3,uniprot_secreted1|Zhang|GO:0005576,3
231542_at,SPAG5-AS1,3,uniprot_secreted1|Zhang|GO:0005576,3
201729_s_at,KIAA0100,3,uniprot_secreted1|Zhang|GO:0005576,3
231541_s_at,SPAG5-AS1,3,uniprot_secreted1|Zhang|GO:0005576,3
201728_s_at,KIAA0100,3,uniprot_secreted1|Zhang|GO:0005576,3
206287_s_at,NA,3,uniprot_secreted1|Zhang|GO:0005576,3
37201_at,ITIH4,3,uniprot_secreted1|Zhang|GO:0005576,3
242720_at,ITIH4,3,uniprot_secreted1|Zhang|GO:0005576,3
205755_at,ITIH3,3,uniprot_secreted1|Zhang|GO:0005576,3
210888_s_at,ITIH1,3,uniprot_secreted1|Zhang|GO:0005576,3
1552995_at,IL27,3,uniprot_secreted1|Zhang|GO:0005576,3
1556579_s_at,NA,3,uniprot_secreted1|Zhang|GO:0005576,3
230670_at,IGSF10,3,uniprot_secreted1|Zhang|GO:0005576,3
1553574_at,IFNE,3,uniprot_secreted1|clark|GO:0005576,3
227760_at,IGFBPL1,3,uniprot_secreted1|Zhang|GO:0005576,3
210619_s_at,HYAL1,3,uniprot_secreted1|Zhang|GO:0005576,3
207460_at,GZMM,3,uniprot_secreted1|Zhang|GO:0005576,3
206666_at,GZMK,3,uniprot_secreted1|Zhang|GO:0005576,3
205488_at,GZMA,3,uniprot_secreted1|Zhang|GO:0005576,3
37145_at,GNLY,3,uniprot_secreted1|Zhang|GO:0005576,3
205495_s_at,GNLY,3,uniprot_secreted1|Zhang|GO:0005576,3
238453_at,FGFBP3,3,uniprot_secreted1|Zhang|GO:0005576,3
1552982_a_at,FGF4,3,uniprot_secreted1|Zhang|GO:0005576,3
206783_at,FGF4,3,uniprot_secreted1|Zhang|GO:0005576,3
203240_at,FCGBP,3,uniprot_secreted1|Zhang|GO:0005576,3
1554737_at,FBN2,3,uniprot_secreted1|Zhang|GO:0005576,3
215717_s_at,FBN2,3,uniprot_secreted1|Zhang|GO:0005576,3
203184_at,FBN2,3,uniprot_secreted1|Zhang|GO:0005576,3
229247_at,FBLN7,3,uniprot_secreted1|Zhang|GO:0005576,3
1556153_s_at,NA,3,uniprot_secreted1|clark|GO:0005576,3
1561387_a_at,NXPE1,3,uniprot_secreted1|Zhang|GO:0005576,3
1553828_at,NXPE1,3,uniprot_secreted1|Zhang|GO:0005576,3
231146_at,FAM24B,3,uniprot_secreted1|Zhang|GO:0005576,3
232124_at,FAM198A,3,uniprot_secreted1|Zhang|GO:0005576,3
228721_at,KRBOX1,3,uniprot_secreted1|Zhang|GO:0005576,3
207810_at,F13B,3,uniprot_secreted1|Zhang|GO:0005576,3
243292_at,FAM132A,3,uniprot_secreted1|Zhang|GO:0005576,3
228872_at,ABHD17B,3,uniprot_secreted1|Zhang|GO:0005576,3
227551_at,ABHD17B,3,uniprot_secreted1|Zhang|GO:0005576,3
220285_at,ABHD17B,3,uniprot_secreted1|Zhang|GO:0005576,3
233996_x_at,EYS,3,uniprot_secreted1|clark|GO:0005576,3
1553465_a_at,CES5A,3,uniprot_secreted1|Zhang|GO:0005576,3
228903_at,CES4A,3,uniprot_secreted1|clark|GO:0005576,3
234008_s_at,CES3,3,uniprot_secreted1|Zhang|clark,3
220335_x_at,CES3,3,uniprot_secreted1|Zhang|clark,3
220366_at,ELSPBP1,3,uniprot_secreted1|Zhang|GO:0005576,3
227450_at,ERP27,3,uniprot_secreted1|Zhang|clark,3
228403_at,ENHO,3,uniprot_secreted1|clark|GO:0005576,3
1556826_s_at,DRAXIN,3,uniprot_secreted1|clark|GO:0005576,3
1554340_a_at,DRAXIN,3,uniprot_secreted1|clark|GO:0005576,3
1558368_s_at,DRAXIN,3,uniprot_secreted1|clark|GO:0005576,3
243127_x_at,DNASE1,3,uniprot_secreted1|Zhang|GO:0005576,3
1557189_at,DNASE1,3,uniprot_secreted1|Zhang|GO:0005576,3
241854_at,DNASE1,3,uniprot_secreted1|Zhang|GO:0005576,3
210165_at,DNASE1,3,uniprot_secreted1|Zhang|GO:0005576,3
240144_at,DNASE1,3,uniprot_secreted1|Zhang|GO:0005576,3
1558546_at,DNASE1,3,uniprot_secreted1|Zhang|GO:0005576,3
228929_at,DNASE1,3,uniprot_secreted1|Zhang|GO:0005576,3
223054_at,DNAJB11,3,uniprot_secreted1|Zhang|clark,3
238053_at,DHRSX,3,uniprot_secreted1|Zhang|clark,3
225503_at,DHRSX,3,uniprot_secreted1|Zhang|clark,3
1562772_a_at,DAND5,3,uniprot_secreted1|Zhang|GO:0005576,3
212875_s_at,C2CD2,3,uniprot_secreted1|Zhang|GO:0005576,3
1554386_at,CST9,3,uniprot_secreted1|Zhang|GO:0005576,3
234774_at,R3HDML,3,uniprot_secreted1|Zhang|GO:0005576,3
207802_at,CRISP3,3,uniprot_secreted1|Zhang|GO:0005576,3
1553934_at,LINC00305,3,uniprot_secreted1|Zhang|GO:0005576,3
1553298_at,C17orf77,3,uniprot_secreted1|Zhang|GO:0005576,3
242345_at,COL28A1,3,uniprot_secreted1|Zhang|GO:0005576,3
239921_at,COL28A1,3,uniprot_secreted1|Zhang|GO:0005576,3
225293_at,COL27A1,3,uniprot_secreted1|Zhang|GO:0005576,3
225288_at,COL27A1,3,uniprot_secreted1|Zhang|GO:0005576,3
1564008_at,COL27A1,3,uniprot_secreted1|Zhang|GO:0005576,3
230603_at,COL27A1,3,uniprot_secreted1|Zhang|GO:0005576,3
225292_at,COL27A1,3,uniprot_secreted1|Zhang|GO:0005576,3
238732_at,COL24A1,3,uniprot_secreted1|Zhang|GO:0005576,3
243301_at,COL22A1,3,uniprot_secreted1|Zhang|GO:0005576,3
242326_at,COL22A1,3,uniprot_secreted1|Zhang|GO:0005576,3
228873_at,COL22A1,3,uniprot_secreted1|Zhang|GO:0005576,3
208096_s_at,COL21A1,3,uniprot_secreted1|Zhang|GO:0005576,3
214602_at,COL4A4,3,uniprot_secreted1|Zhang|GO:0005576,3
241565_at,COL4A4,3,uniprot_secreted1|Zhang|GO:0005576,3
229779_at,COL4A4,3,uniprot_secreted1|Zhang|GO:0005576,3
216896_at,COL4A3,3,uniprot_secreted1|Zhang|GO:0005576,3
216368_s_at,COL4A3,3,uniprot_secreted1|Zhang|GO:0005576,3
216893_s_at,COL4A3,3,uniprot_secreted1|Zhang|GO:0005576,3
216367_at,COL4A3,3,uniprot_secreted1|Zhang|GO:0005576,3
216898_s_at,COL4A3,3,uniprot_secreted1|Zhang|GO:0005576,3
214641_at,COL4A3,3,uniprot_secreted1|Zhang|GO:0005576,3
222073_at,COL4A3,3,uniprot_secreted1|Zhang|GO:0005576,3
217767_at,C3,3,uniprot_secreted1|Zhang|GO:0005576,3
204697_s_at,CHGA,3,uniprot_secreted1|Zhang|GO:0005576,3
214533_at,CMA1,3,uniprot_secreted1|Zhang|GO:0005576,3
220810_at,CLCA3P,3,uniprot_secreted1|Zhang|GO:0005576,3
210783_x_at,CLEC11A,3,uniprot_secreted1|Zhang|GO:0005576,4
211709_s_at,CLEC11A,3,uniprot_secreted1|Zhang|GO:0005576,4
205131_x_at,CLEC11A,3,uniprot_secreted1|Zhang|GO:0005576,4
230022_at,CLEC18A,3,uniprot_secreted1|clark|GO:0005576,7
218867_s_at,C12orf49,3,uniprot_secreted1|Zhang|GO:0005576,3
222767_s_at,C12orf49,3,uniprot_secreted1|Zhang|GO:0005576,3
1556267_at,MYRFL,3,uniprot_secreted1|Zhang|GO:0005576,3
1553787_at,C11orf45,3,uniprot_secreted1|Zhang|GO:0005576,3
1560255_at,CELF2-AS1,3,uniprot_secreted1|Zhang|GO:0005576,3
1552422_at,C10orf25,3,uniprot_secreted1|Zhang|GO:0005576,3
208168_s_at,CHIT1,3,uniprot_secreted1|Zhang|GO:0005576,3
1557123_a_at,CHADL,3,uniprot_secreted1|Zhang|GO:0005576,3
228728_at,CPED1,3,uniprot_secreted1|Zhang|clark,3
220032_at,CPED1,3,uniprot_secreted1|Zhang|clark,3
221787_at,C6orf120,3,uniprot_secreted1|Zhang|GO:0005576,3
221786_at,C6orf120,3,uniprot_secreted1|Zhang|GO:0005576,3
238385_at,C6orf58,3,uniprot_secreted1|Zhang|GO:0005576,3
238383_at,C6orf58,3,uniprot_secreted1|Zhang|GO:0005576,3
238504_at,C6orf57,3,uniprot_secreted1|Zhang|GO:0005576,3
231672_at,LOC100653086,3,uniprot_secreted1|Zhang|GO:0005576,3
206824_at,CES1P1,3,uniprot_secreted1|Zhang|GO:0005576,3
1554195_a_at,C5orf46,3,uniprot_secreted1|clark|GO:0005576,3
206193_s_at,CDSN,3,uniprot_secreted1|Zhang|GO:0005576,3
206192_at,CDSN,3,uniprot_secreted1|Zhang|GO:0005576,3
236240_at,C4orf29,3,uniprot_secreted1|Zhang|GO:0005576,3
219980_at,C4orf29,3,uniprot_secreted1|Zhang|GO:0005576,3
236984_at,C4orf26,3,uniprot_secreted1|Zhang|GO:0005576,3
220077_at,CCDC134,3,uniprot_secreted1|Zhang|GO:0005576,3
228079_at,C3orf58,3,uniprot_secreted1|Zhang|GO:0005576,3
235853_at,C3orf58,3,uniprot_secreted1|Zhang|GO:0005576,3
226464_at,C3orf58,3,uniprot_secreted1|Zhang|GO:0005576,3
211062_s_at,NA,3,uniprot_secreted1|Zhang|GO:0005576,3
1553506_at,CPO,3,uniprot_secreted1|Zhang|GO:0005576,3
232469_x_at,SSBP3-AS1,3,uniprot_secreted1|Zhang|GO:0005576,3
218983_at,C1RL,3,uniprot_secreted1|Zhang|GO:0005576,3
233645_s_at,C1RL,3,uniprot_secreted1|Zhang|GO:0005576,3
223623_at,C2orf40,3,uniprot_secreted1|clark|GO:0005576,3
242200_at,ADAMTSL5,3,uniprot_secreted1|Zhang|GO:0005576,3
1559748_at,ADAMTSL3,3,uniprot_secreted1|Zhang|GO:0005576,3
213974_at,ADAMTSL3,3,uniprot_secreted1|Zhang|GO:0005576,3
206629_at,ADAMTSL2,3,uniprot_secreted1|Zhang|GO:0005576,3
207675_x_at,ARTN,3,uniprot_secreted1|Zhang|GO:0005576,3
216052_x_at,ARTN,3,uniprot_secreted1|Zhang|GO:0005576,3
210237_at,ARTN,3,uniprot_secreted1|Zhang|GO:0005576,3
219716_at,APOL6,3,uniprot_secreted1|clark|GO:0005576,3
1557116_at,APOL6,3,uniprot_secreted1|clark|GO:0005576,3
1557236_at,APOL6,3,uniprot_secreted1|clark|GO:0005576,3
241869_at,APOL6,3,uniprot_secreted1|clark|GO:0005576,3
225689_at,POMGNT2,3,uniprot_secreted1|Zhang|GO:0005576,3
226796_at,ABHD15,3,uniprot_secreted1|clark|GO:0005576,3
203889_at,SCG5,3,uniprot_secreted1|Zhang|GO:0005576,3
220209_at,PYY2,3,signal|uniprot_secreted1|GO:0005576,3
1552853_at,VWA5B1,3,signal|uniprot_secreted1|GO:0005576,3
1552854_a_at,VWA5B1,3,signal|uniprot_secreted1|GO:0005576,3
212936_at,FAM172A,3,signal|uniprot_secreted1|GO:0005576,3
223882_at,FAM172A,3,signal|uniprot_secreted1|GO:0005576,3
1553835_a_at,COL6A5,3,signal|uniprot_secreted1|GO:0005576,3
1553834_at,COL6A5,3,signal|uniprot_secreted1|GO:0005576,3
210318_at,RBP3,3,signal|uniprot_secreted1|GO:0005576,3
1553890_s_at,NTN5,3,signal|uniprot_secreted1|GO:0005576,3
1558247_s_at,NTN5,3,signal|uniprot_secreted1|GO:0005576,3
220133_at,ODAM,3,signal|uniprot_secreted1|GO:0005576,3
217866_at,CPSF7,2,gpcr.org_structure|gpcr.org_family,3
209561_at,THBS3,2,Zhang|GO:0005576,4
206111_at,RNASE2,2,Zhang|GO:0005576,2
200975_at,PPT1,2,Zhang|GO:0005576,2
207642_at,HCRT,2,Zhang|GO:0005576,2
214777_at,NA,2,Zhang|GO:0005576,2
1553706_at,HTRA4,2,Zhang|GO:0005576,2
210755_at,HGF,2,Zhang|GO:0005576,2
210998_s_at,HGF,2,Zhang|GO:0005576,2
210997_at,HGF,2,Zhang|GO:0005576,2
209961_s_at,HGF,2,Zhang|GO:0005576,2
209960_at,HGF,2,Zhang|GO:0005576,2
230031_at,HSPA5,2,Zhang|GO:0005576,2
211936_at,HSPA5,2,Zhang|GO:0005576,2
206871_at,ELANE,2,Zhang|GO:0005576,2
206851_at,RNASE3,2,Zhang|GO:0005576,2
207032_s_at,CRISP1,2,Zhang|GO:0005576,2
216314_at,CRISP1,2,Zhang|GO:0005576,2
200766_at,CTSD,2,Zhang|GO:0005576,2
214575_s_at,AZU1,2,Zhang|GO:0005576,2
214430_at,GLA,2,Zhang|GO:0005576,2
221839_s_at,UBAP2,2,uniprot_secreted1|clark,2
219192_at,UBAP2,2,uniprot_secreted1|clark,2
219332_at,MICALL2,2,uniprot_secreted1|clark,2
241478_at,MICALL2,2,uniprot_secreted1|clark,2
1555862_s_at,MICALL2,2,uniprot_secreted1|clark,2
243523_at,LOC100128644,2,uniprot_secreted1|clark,2
230067_at,FAM124A,2,uniprot_secreted1|clark,2
241829_at,FAM124A,2,uniprot_secreted1|clark,2
1553239_at,FAM124A,2,uniprot_secreted1|clark,2
230519_at,FAM124A,2,uniprot_secreted1|clark,2
241013_at,FAM124A,2,uniprot_secreted1|clark,2
1557124_at,TMEM198B,2,uniprot_secreted1|clark,2
218211_s_at,MLPH,2,uniprot_secreted1|clark,2
1557000_at,ESPNL,2,uniprot_secreted1|clark,2
1557002_x_at,ESPNL,2,uniprot_secreted1|clark,2
1553311_at,C20orf197,2,uniprot_secreted1|clark,2
225563_at,PAN3,2,uniprot_secreted1|clark,2
213556_at,PINLYP,2,uniprot_secreted1|GO:0005576,2
241828_x_at,LOC339240,2,uniprot_secreted1|GO:0005576,2
208628_s_at,YBX1,2,uniprot_secreted1|GO:0005576,2
208627_s_at,YBX1,2,uniprot_secreted1|GO:0005576,2
216940_x_at,YBX1,2,uniprot_secreted1|GO:0005576,2
228195_at,C2orf88,2,uniprot_secreted1|GO:0005576,2
223754_at,C2orf88,2,uniprot_secreted1|GO:0005576,2
210301_at,XDH,2,uniprot_secreted1|GO:0005576,2
241994_at,XDH,2,uniprot_secreted1|GO:0005576,2
201934_at,WDR82,2,uniprot_secreted1|clark,2
1562226_at,VWDE,2,uniprot_secreted1|GO:0005576,2
239552_at,VWDE,2,uniprot_secreted1|GO:0005576,2
238864_at,VWA3A,2,uniprot_secreted1|GO:0005576,2
1553657_at,VWA3A,2,uniprot_secreted1|GO:0005576,2
236800_at,UCMA,2,uniprot_secreted1|GO:0005576,2
206733_at,TULP2,2,uniprot_secreted1|GO:0005576,2
209593_s_at,TOR1B,2,uniprot_secreted1|Zhang,2
223782_s_at,TINAG,2,uniprot_secreted1|GO:0005576,2
240480_at,TINAG,2,uniprot_secreted1|GO:0005576,2
231154_x_at,TINAG,2,uniprot_secreted1|GO:0005576,2
216609_at,TXN,2,uniprot_secreted1|GO:0005576,2
208864_s_at,TXN,2,uniprot_secreted1|GO:0005576,2
240119_at,TEPP,2,uniprot_secreted1|GO:0005576,2
231371_at,TDRD10,2,uniprot_secreted1|clark,2
224201_s_at,SUFU,2,uniprot_secreted1|clark,2
224202_at,SUFU,2,uniprot_secreted1|clark,2
222749_at,SUFU,2,uniprot_secreted1|clark,2
224203_at,SUFU,2,uniprot_secreted1|clark,2
219686_at,STK32B,2,uniprot_secreted1|clark,2
1555680_a_at,SMOX,2,uniprot_secreted1|clark,2
210357_s_at,SMOX,2,uniprot_secreted1|clark,2
217074_at,SMOX,2,uniprot_secreted1|clark,2
224149_x_at,SLMAP,2,uniprot_secreted1|clark,2
1562095_at,SLMAP,2,uniprot_secreted1|clark,2
222924_at,SLMAP,2,uniprot_secreted1|clark,2
225243_s_at,SLMAP,2,uniprot_secreted1|clark,2
219513_s_at,SH2D3A,2,uniprot_secreted1|clark,2
222169_x_at,SH2D3A,2,uniprot_secreted1|clark,2
237748_at,SCGB2B2,2,uniprot_secreted1|GO:0005576,2
225650_at,SAMD1,2,uniprot_secreted1|GO:0005576,2
228276_at,SAMD1,2,uniprot_secreted1|GO:0005576,2
213481_at,S100A13,2,uniprot_secreted1|GO:0005576,2
202598_at,S100A13,2,uniprot_secreted1|GO:0005576,2
1553454_at,RPTN,2,uniprot_secreted1|GO:0005576,2
230661_at,NA,2,uniprot_secreted1|GO:0005576,2
235210_s_at,SBSPON,2,uniprot_secreted1|GO:0005576,2
235209_at,SBSPON,2,uniprot_secreted1|GO:0005576,2
214725_at,SBSPON,2,uniprot_secreted1|GO:0005576,2
213297_at,NA,2,uniprot_secreted1|clark,2
218262_at,RMND5B,2,uniprot_secreted1|clark,2
209544_at,RIPK2,2,uniprot_secreted1|clark,3
209545_s_at,RIPK2,2,uniprot_secreted1|clark,3
222203_s_at,NA,2,uniprot_secreted1|clark,2
1554368_at,NT5C1B,2,uniprot_secreted1|clark,2
243100_at,NT5C1B,2,uniprot_secreted1|clark,2
241942_at,PXDNL,2,uniprot_secreted1|GO:0005576,2
231572_at,PRSS37,2,uniprot_secreted1|GO:0005576,2
201923_at,PRDX4,2,uniprot_secreted1|GO:0005576,2
222500_at,PPIL1,2,uniprot_secreted1|clark,2
226623_at,PHYHIPL,2,uniprot_secreted1|clark,2
233025_at,PDZD2,2,uniprot_secreted1|GO:0005576,2
233026_s_at,PDZD2,2,uniprot_secreted1|GO:0005576,2
209493_at,PDZD2,2,uniprot_secreted1|GO:0005576,2
243468_at,PATE1,2,uniprot_secreted1|GO:0005576,2
231279_at,PATE1,2,uniprot_secreted1|GO:0005576,2
50400_at,PAOX,2,uniprot_secreted1|clark,2
221941_at,PAOX,2,uniprot_secreted1|clark,2
218375_at,NUDT9,2,uniprot_secreted1|clark,2
214722_at,NOTCH2NL,2,uniprot_secreted1|GO:0005576,2
221992_at,NPIPB15,2,uniprot_secreted1|GO:0005576,2
1552554_a_at,NLRC4,2,uniprot_secreted1|clark,2
1552553_a_at,NLRC4,2,uniprot_secreted1|clark,2
224281_s_at,NGRN,2,uniprot_secreted1|GO:0005576,2
217722_s_at,NGRN,2,uniprot_secreted1|GO:0005576,2
225804_at,CYB5D2,2,uniprot_secreted1|GO:0005576,2
212443_at,NBEAL2,2,uniprot_secreted1|clark,2
1556017_at,NBEAL2,2,uniprot_secreted1|clark,2
218713_at,NARG2,2,uniprot_secreted1|clark,2
242639_at,NARG2,2,uniprot_secreted1|clark,2
235189_at,NARG2,2,uniprot_secreted1|clark,2
228960_at,NARG2,2,uniprot_secreted1|clark,2
1553436_at,MUC19,2,uniprot_secreted1|GO:0005576,2
223770_x_at,MRI1,2,uniprot_secreted1|clark,2
228077_at,MRI1,2,uniprot_secreted1|clark,2
225782_at,MSRB3,2,uniprot_secreted1|clark,2
238583_at,MSRB3,2,uniprot_secreted1|clark,2
1554126_at,MSRB3,2,uniprot_secreted1|clark,2
1554127_s_at,MSRB3,2,uniprot_secreted1|clark,2
225790_at,MSRB3,2,uniprot_secreted1|clark,2
217871_s_at,MIF,2,uniprot_secreted1|GO:0005576,2
217993_s_at,MAT2B,2,uniprot_secreted1|clark,2
229284_at,MAT2B,2,uniprot_secreted1|clark,2
219860_at,LY6G5C,2,uniprot_secreted1|GO:0005576,2
227532_at,LRRC39,2,uniprot_secreted1|clark,2
1559580_at,LRRC39,2,uniprot_secreted1|clark,2
220622_at,LRRC31,2,uniprot_secreted1|clark,2
1553940_a_at,LRRC28,2,uniprot_secreted1|clark,2
227423_at,LRRC28,2,uniprot_secreted1|clark,2
239471_at,LRRC28,2,uniprot_secreted1|clark,2
238897_at,LRRC28,2,uniprot_secreted1|clark,2
218550_s_at,LRRC20,2,uniprot_secreted1|clark,2
1554331_a_at,LRRC18,2,uniprot_secreted1|clark,2
223612_s_at,LNX1,2,uniprot_secreted1|clark,2
223611_s_at,LNX1,2,uniprot_secreted1|clark,2
201105_at,LGALS1,2,uniprot_secreted1|GO:0005576,2
1552486_s_at,LACTB,2,uniprot_secreted1|clark,2
226354_at,LACTB,2,uniprot_secreted1|clark,2
1552485_at,LACTB,2,uniprot_secreted1|clark,2
229405_at,KIF7,2,uniprot_secreted1|clark,2
213340_s_at,TP73-AS1,2,uniprot_secreted1|GO:0005576,2
213339_at,TP73-AS1,2,uniprot_secreted1|GO:0005576,2
1569502_s_at,TP73-AS1,2,uniprot_secreted1|GO:0005576,2
235182_at,ISM1,2,uniprot_secreted1|GO:0005576,2
232888_at,ISM1,2,uniprot_secreted1|GO:0005576,2
240719_at,ISM1-AS1,2,uniprot_secreted1|GO:0005576,2
233340_at,SPINK13,2,uniprot_secreted1|GO:0005576,2
205483_s_at,ISG15,2,uniprot_secreted1|GO:0005576,2
237046_x_at,IL34,2,uniprot_secreted1|GO:0005576,2
209821_at,IL33,2,uniprot_secreted1|GO:0005576,2
244694_at,IGLON5,2,uniprot_secreted1|GO:0005576,2
214677_x_at,NA,2,uniprot_secreted1|GO:0005576,3
212592_at,IGJ,2,uniprot_secreted1|GO:0005576,2
241685_x_at,NA,2,uniprot_secreted1|GO:0005576,2
226977_at,IGIP,2,uniprot_secreted1|GO:0005576,2
241874_at,IGIP,2,uniprot_secreted1|GO:0005576,2
211430_s_at,NA,2,uniprot_secreted1|GO:0005576,4
235797_x_at,HMCN2,2,uniprot_secreted1|GO:0005576,2
241650_x_at,HMCN2,2,uniprot_secreted1|GO:0005576,2
1563532_at,HMCN2,2,uniprot_secreted1|GO:0005576,2
235932_x_at,HMCN2,2,uniprot_secreted1|GO:0005576,2
1564117_at,HMCN2,2,uniprot_secreted1|GO:0005576,2
233767_at,HHLA1,2,uniprot_secreted1|GO:0005576,2
221162_at,HHLA1,2,uniprot_secreted1|GO:0005576,2
223252_at,HDGFRP2,2,uniprot_secreted1|clark,2
218461_at,GPN3,2,uniprot_secreted1|clark,2
240837_at,FNDC7,2,uniprot_secreted1|GO:0005576,2
227882_at,FKRP,2,uniprot_secreted1|GO:0005576,2
219853_at,FKRP,2,uniprot_secreted1|GO:0005576,2
226769_at,FIBIN,2,uniprot_secreted1|GO:0005576,2
231001_at,FIBIN,2,uniprot_secreted1|GO:0005576,2
204421_s_at,FGF2,2,uniprot_secreted1|GO:0005576,2
204422_s_at,FGF2,2,uniprot_secreted1|GO:0005576,2
208240_s_at,FGF1,2,uniprot_secreted1|GO:0005576,4
1552721_a_at,FGF1,2,uniprot_secreted1|GO:0005576,4
205117_at,FGF1,2,uniprot_secreted1|GO:0005576,4
226699_at,FCHSD1,2,uniprot_secreted1|clark,2
226698_at,FCHSD1,2,uniprot_secreted1|clark,2
223240_at,FBXO8,2,uniprot_secreted1|clark,2
1554806_a_at,FBXO8,2,uniprot_secreted1|clark,2
232968_at,FANK1,2,uniprot_secreted1|clark,2
243143_at,FAM24A,2,uniprot_secreted1|GO:0005576,2
241399_at,FAM19A2,2,uniprot_secreted1|Zhang,2
221267_s_at,ABHD17A,2,uniprot_secreted1|GO:0005576,2
233543_s_at,FAM175A,2,uniprot_secreted1|clark,2
226521_s_at,FAM175A,2,uniprot_secreted1|clark,2
229622_at,FAM132B,2,uniprot_secreted1|GO:0005576,2
230915_at,DHRS7C,2,uniprot_secreted1|GO:0005576,2
205554_s_at,DNASE1L3,2,uniprot_secreted1|Zhang,2
1561336_at,DNASE1L3,2,uniprot_secreted1|Zhang,2
1554462_a_at,DNAJB9,2,uniprot_secreted1|clark,2
202842_s_at,DNAJB9,2,uniprot_secreted1|clark,2
202843_at,DNAJB9,2,uniprot_secreted1|clark,2
232240_at,DNHD1,2,uniprot_secreted1|clark,2
224497_x_at,HSD17B14,2,uniprot_secreted1|clark,2
224494_x_at,HSD17B14,2,uniprot_secreted1|clark,2
219113_x_at,HSD17B14,2,uniprot_secreted1|clark,2
228713_s_at,HSD17B14,2,uniprot_secreted1|clark,2
230059_at,DEAF1,2,uniprot_secreted1|GO:0005576,2
209407_s_at,DEAF1,2,uniprot_secreted1|GO:0005576,2
216646_at,DSCC1,2,uniprot_secreted1|clark,2
219000_s_at,DSCC1,2,uniprot_secreted1|clark,2
223337_at,CWC27,2,uniprot_secreted1|clark,2
1555495_a_at,CWC27,2,uniprot_secreted1|clark,2
1558841_at,CWC27,2,uniprot_secreted1|clark,2
219309_at,C22orf46,2,uniprot_secreted1|GO:0005576,2
219066_at,PPCDC,2,uniprot_secreted1|clark,2
242641_at,COL6A6,2,uniprot_secreted1|GO:0005576,2
230867_at,COL6A6,2,uniprot_secreted1|GO:0005576,2
229742_at,C15orf61,2,uniprot_secreted1|GO:0005576,2
218298_s_at,C14orf159,2,uniprot_secreted1|clark,2
1554039_at,C14orf159,2,uniprot_secreted1|clark,2
204978_at,CLASRP,2,uniprot_secreted1|clark,2
226943_at,C12orf73,2,uniprot_secreted1|GO:0005576,2
226927_at,C12orf73,2,uniprot_secreted1|GO:0005576,2
240029_at,C11orf94,2,uniprot_secreted1|GO:0005576,2
221172_at,C7orf69,2,uniprot_secreted1|GO:0005576,2
1567687_at,CECR9,2,uniprot_secreted1|GO:0005576,2
1567686_at,CECR9,2,uniprot_secreted1|GO:0005576,2
1553426_at,C5orf64,2,uniprot_secreted1|GO:0005576,2
1568696_at,CDNF,2,uniprot_secreted1|GO:0005576,2
204126_s_at,CDC45,2,uniprot_secreted1|clark,2
229860_x_at,C4orf48,2,uniprot_secreted1|GO:0005576,2
241495_at,CCNL1,2,uniprot_secreted1|clark,2
1555411_a_at,CCNL1,2,uniprot_secreted1|clark,2
1555827_at,CCNL1,2,uniprot_secreted1|clark,2
220046_s_at,CCNL1,2,uniprot_secreted1|clark,2
224968_at,CCDC104,2,uniprot_secreted1|clark,2
1564736_a_at,CASP12,2,uniprot_secreted1|clark,2
209002_s_at,CALCOCO1,2,uniprot_secreted1|clark,2
244834_at,RSG1,2,uniprot_secreted1|GO:0005576,2
223511_at,SPRTN,2,uniprot_secreted1|clark,2
230445_at,BTBD17,2,uniprot_secreted1|GO:0005576,2
220451_s_at,BIRC7,2,uniprot_secreted1|clark,3
204032_at,BCAR3,2,uniprot_secreted1|clark,2
205682_x_at,APOM,2,uniprot_secreted1|GO:0005576,3
214910_s_at,APOM,2,uniprot_secreted1|GO:0005576,3
214723_x_at,ANKRD36,2,uniprot_secreted1|clark,2
202541_at,AIMP1,2,uniprot_secreted1|GO:0005576,2
227605_at,AIMP1,2,uniprot_secreted1|GO:0005576,2
202542_s_at,AIMP1,2,uniprot_secreted1|GO:0005576,2
222661_at,AGGF1,2,uniprot_secreted1|GO:0005576,2
210710_at,AGGF1,2,uniprot_secreted1|GO:0005576,2
218534_s_at,AGGF1,2,uniprot_secreted1|GO:0005576,2
208042_at,AGGF1,2,uniprot_secreted1|GO:0005576,2
232154_at,ADM5,2,uniprot_secreted1|GO:0005576,2
223265_at,SH3BP5L,2,uniprot_secreted1|clark,2
209831_x_at,DNASE2,2,signal|Zhang,2
214992_s_at,DNASE2,2,signal|Zhang,2
203912_s_at,DNASE1L1,2,signal|Zhang,2
207714_s_at,SERPINH1,2,signal|Zhang,2
222447_at,METTL9,2,signal|Zhang,2
226220_at,METTL9,2,signal|Zhang,2
217868_s_at,METTL9,2,signal|Zhang,2
230398_at,TNS4,2,signal|Zhang,2
222265_at,TNS4,2,signal|Zhang,2
220259_at,PLEKHH3,2,signal|Zhang,2
227248_at,PLEKHH3,2,signal|Zhang,2
206026_s_at,TNFAIP6,2,signal|Zhang,2
206025_s_at,TNFAIP6,2,signal|Zhang,2
203778_at,MANBA,2,signal|Zhang,2
227686_at,OXNAD1,2,signal|Zhang,2
230238_at,SOWAHA,2,signal|Zhang,2
214627_at,EPX,2,signal|Zhang,2
202450_s_at,CTSK,2,signal|Zhang,2
206151_x_at,CELA3B,2,signal|GO:0005576,2
221649_s_at,NA,1,gpcr.org_family,1
1553061_at,OR6W1P,1,gpcr.org_family,2
202697_at,NUDT21,1,gpcr.org_structure,2
224830_at,NUDT21,1,gpcr.org_structure,2
213461_at,NUDT21,1,gpcr.org_structure,2
201273_s_at,SRP9,1,gpcr.org_structure,6
200007_at,SRP14,1,gpcr.org_structure,6
205335_s_at,SRP19,1,gpcr.org_structure,6
225217_s_at,BRPF3,1,GO:0005576,1
1565844_at,BRPF3,1,GO:0005576,1
1565843_s_at,BRPF3,1,GO:0005576,1
216257_at,SERPINB13,1,GO:0005576,1
216258_s_at,SERPINB13,1,GO:0005576,1
211361_s_at,SERPINB13,1,GO:0005576,1
217272_s_at,SERPINB13,1,GO:0005576,1
211362_s_at,SERPINB13,1,GO:0005576,1
215817_at,SERPINB13,1,GO:0005576,1
218450_at,HEBP1,1,GO:0005576,1
1559976_at,LOC100506314,1,GO:0005576,1
210926_at,POTEKP,1,GO:0005576,1
228190_at,ATG4C,1,GO:0005576,1
208744_x_at,HSPH1,1,GO:0005576,1
206976_s_at,HSPH1,1,GO:0005576,1
208195_at,TTN,1,GO:0005576,1
240793_at,TTN,1,GO:0005576,1
241791_at,TTN,1,GO:0005576,1
1557994_at,TTN,1,GO:0005576,1
242679_at,TTN-AS1,1,GO:0005576,1
242771_at,TTN,1,GO:0005576,1
242729_at,TTN-AS1,1,GO:0005576,1
244839_at,TTN,1,GO:0005576,1
1556043_a_at,TTN-AS1,1,GO:0005576,1
241357_at,MAPK15,1,GO:0005576,1
241528_at,MAPK15,1,GO:0005576,1
220978_at,KRTAP1-3,1,GO:0005576,1
209818_s_at,HABP4,1,GO:0005576,1
232341_x_at,HABP4,1,GO:0005576,1
233919_s_at,HABP4,1,GO:0005576,1
209819_at,HABP4,1,GO:0005576,1
231031_at,KGFLP2,1,GO:0005576,1
234880_x_at,KRTAP1-3,1,GO:0005576,2
215532_x_at,ZNF492,1,GO:0005576,1
220976_s_at,KRTAP1-1,1,GO:0005576,1
200080_s_at,NA,1,GO:0005576,1
211940_x_at,NA,1,GO:0005576,1
213828_x_at,NA,1,GO:0005576,1
208755_x_at,NA,1,GO:0005576,1
211999_at,NA,1,GO:0005576,1
209069_s_at,NA,1,GO:0005576,1
211998_at,NA,1,GO:0005576,1
211997_x_at,NA,1,GO:0005576,1
205863_at,S100A12,1,GO:0005576,1
208496_x_at,NA,1,GO:0005576,1
208506_at,NA,1,GO:0005576,1
214522_x_at,NA,1,GO:0005576,1
214472_at,NA,1,GO:0005576,1
208577_at,NA,1,GO:0005576,1
208576_s_at,NA,1,GO:0005576,1
208575_at,NA,1,GO:0005576,1
214509_at,NA,1,GO:0005576,1
236278_at,HIST1H3E,1,GO:0005576,2
206110_at,HIST1H3H,1,GO:0005576,2
212242_at,TUBA4A,1,GO:0005576,1
235741_at,PPIA,1,GO:0005576,1
211378_x_at,PPIA,1,GO:0005576,1
211765_x_at,PPIA,1,GO:0005576,1
217602_at,PPIA,1,GO:0005576,1
212661_x_at,PPIA,1,GO:0005576,1
211978_x_at,PPIA,1,GO:0005576,1
226336_at,PPIA,1,GO:0005576,1
201293_x_at,PPIA,1,GO:0005576,1
232035_at,NA,1,GO:0005576,1
208180_s_at,NA,1,GO:0005576,1
206951_at,NA,1,GO:0005576,1
205967_at,NA,1,GO:0005576,1
214516_at,NA,1,GO:0005576,1
208046_at,NA,1,GO:0005576,1
214562_at,NA,1,GO:0005576,1
208580_x_at,NA,1,GO:0005576,1
214463_x_at,NA,1,GO:0005576,1
214634_at,NA,1,GO:0005576,1
207046_at,NA,1,GO:0005576,1
216438_s_at,TMSB4X,1,GO:0005576,1
1554202_x_at,CABP4,1,GO:0005576,1
1554201_at,CABP4,1,GO:0005576,1
1552890_a_at,CABP4,1,GO:0005576,1
208374_s_at,CAPZA1,1,GO:0005576,1
241275_at,CAPZA1,1,GO:0005576,1
231169_at,TXLNA,1,GO:0005576,1
1561358_at,TXLNA,1,GO:0005576,1
212300_at,TXLNA,1,GO:0005576,1
203864_s_at,ACTN2,1,GO:0005576,1
203861_s_at,ACTN2,1,GO:0005576,1
203862_s_at,ACTN2,1,GO:0005576,1
203863_at,ACTN2,1,GO:0005576,1
205627_at,CDA,1,GO:0005576,1
224731_at,HMGB1,1,GO:0005576,1
200679_x_at,HMGB1,1,GO:0005576,1
200680_x_at,HMGB1,1,GO:0005576,1
214938_x_at,HMGB1,1,GO:0005576,1
224734_at,HMGB1,1,GO:0005576,1
203471_s_at,PLEK,1,GO:0005576,1
203470_s_at,PLEK,1,GO:0005576,1
200634_at,PFN1,1,GO:0005576,1
1561521_at,S100B,1,GO:0005576,1
209686_at,S100B,1,GO:0005576,1
214687_x_at,ALDOA,1,GO:0005576,1
238996_x_at,ALDOA,1,GO:0005576,1
200966_x_at,ALDOA,1,GO:0005576,1
224795_x_at,NA,1,GO:0005576,1
221671_x_at,NA,1,GO:0005576,1
221651_x_at,NA,1,GO:0005576,1
208532_x_at,KRTAP5-8,1,GO:0005576,1
210935_s_at,WDR1,1,GO:0005576,1
200609_s_at,WDR1,1,GO:0005576,1
210936_at,WDR1,1,GO:0005576,1
200611_s_at,WDR1,1,GO:0005576,1
244672_at,WDR1,1,GO:0005576,1
240282_at,WDR1,1,GO:0005576,1
214456_x_at,NA,1,GO:0005576,1
208607_s_at,NA,1,GO:0005576,2
225614_at,SAAL1,1,GO:0005576,3
235915_at,NA,1,GO:0005576,1
221013_s_at,APOL2,1,GO:0005576,3
221653_x_at,APOL2,1,GO:0005576,3
230072_at,TBC1D15,1,GO:0005576,1
218268_at,TBC1D15,1,GO:0005576,1
206819_at,POM121L9P,1,clark,1
222253_s_at,POM121L9P,1,clark,1
202809_s_at,INTS3,1,clark,1
227992_s_at,LINC00085,1,clark,1
232093_at,LINC00085,1,clark,1
214395_x_at,EEF1D,1,clark,1
203113_s_at,EEF1D,1,clark,1
214394_x_at,EEF1D,1,clark,1
213087_s_at,EEF1D,1,clark,1
236059_at,LOC100130428,1,clark,1
232846_s_at,NA,1,clark,1
220126_at,PRSS50,1,Zhang,1
218459_at,TOR3A,1,Zhang,1
233851_s_at,TOR3A,1,Zhang,1
240044_x_at,TNRC6B,1,Zhang,1
230779_at,TNRC6B,1,Zhang,1
1558142_at,TNRC6B,1,Zhang,1
213254_at,TNRC6B,1,Zhang,1
228998_at,TNRC6B,1,Zhang,1
238468_at,TNRC6B,1,Zhang,1
229036_at,TNRC6B,1,Zhang,1
212353_at,SULF1,1,Zhang,1
212354_at,SULF1,1,Zhang,1
212344_at,SULF1,1,Zhang,1
240048_at,STRC,1,Zhang,1
1561306_s_at,STRC,1,Zhang,1
207066_at,HRC,1,Zhang,1
229592_at,LOC100507501,1,Zhang,1
235718_at,SRL,1,Zhang,1
204293_at,SGSH,1,Zhang,1
35626_at,SGSH,1,Zhang,1
200902_at,15-Sep,1,Zhang,1
238047_at,ARHGAP36,1,Zhang,1
212923_s_at,PXDC1,1,Zhang,1
200661_at,CTSA,1,Zhang,1
228845_at,PLBD2,1,Zhang,1
203948_s_at,MPO,1,Zhang,1
203949_at,MPO,1,Zhang,1
229453_at,NA,1,Zhang,1
208612_at,PDIA3,1,Zhang,1
227033_at,PDIA3,1,Zhang,1
218717_s_at,LEPREL1,1,Zhang,1
230813_at,LEPREL1,1,Zhang,1
205432_at,OVGP1,1,Zhang,1
1553746_a_at,OTOGL,1,Zhang,1
212775_at,OBSL1,1,Zhang,1
213946_s_at,OBSL1,1,Zhang,1
212776_s_at,OBSL1,1,Zhang,1
227573_s_at,OBSL1,1,Zhang,1
225510_at,OAF,1,Zhang,1
228939_at,OAF,1,Zhang,1
208709_s_at,NRD1,1,Zhang,1
229422_at,NRD1,1,Zhang,1
204684_at,NPTX1,1,Zhang,1
205825_at,PCSK1,1,Zhang,1
209166_s_at,MAN2B1,1,Zhang,1
201847_at,LIPA,1,Zhang,1
236156_at,LIPA,1,Zhang,1
210339_s_at,KLK2,1,Zhang,1
209855_s_at,KLK2,1,Zhang,1
209854_s_at,KLK2,1,Zhang,1
1555545_at,KLK2,1,Zhang,1
212942_s_at,KIAA1199,1,Zhang,1
1554685_a_at,KIAA1199,1,Zhang,1
205057_s_at,IDUA,1,Zhang,1
213723_s_at,IDUA,1,Zhang,1
205059_s_at,IDUA,1,Zhang,1
212221_x_at,IDS,1,Zhang,1
206342_x_at,IDS,1,Zhang,1
236823_at,IDS,1,Zhang,1
211782_at,IDS,1,Zhang,1
217432_s_at,IDS,1,Zhang,1
232241_at,LINC00894,1,Zhang,1
202438_x_at,IDS,1,Zhang,1
202439_s_at,IDS,1,Zhang,1
1556026_at,LINC00893,1,Zhang,1
213821_s_at,IDS,1,Zhang,1
212223_at,IDS,1,Zhang,1
204868_at,ICT1,1,Zhang,1
200825_s_at,HYOU1,1,Zhang,1
222644_s_at,COLGALT1,1,Zhang,1
218473_s_at,COLGALT1,1,Zhang,1
236866_at,GALNS,1,Zhang,1
206335_at,GALNS,1,Zhang,1
209668_x_at,CES2,1,Zhang,1
209667_at,CES2,1,Zhang,1
213509_x_at,CES2,1,Zhang,1
226594_at,ENTPD5,1,Zhang,1
1554094_at,ENTPD5,1,Zhang,1
205757_at,ENTPD5,1,Zhang,1
1554540_at,DNAH14,1,Zhang,1
1567861_at,DNAH14,1,Zhang,1
1567862_at,DNAH14,1,Zhang,1
242283_at,DNAH14,1,Zhang,1
218923_at,CTBS,1,Zhang,1
218924_s_at,CTBS,1,Zhang,1
232619_at,ACTL10,1,Zhang,1
233797_s_at,CST11,1,Zhang,1
233968_at,CST11,1,Zhang,1
225437_s_at,BRAT1,1,Zhang,1
236724_at,CFC1,1,Zhang,1
223752_at,CFC1,1,Zhang,1
228878_s_at,CFC1B,1,Zhang,1
203657_s_at,CTSF,1,Zhang,1
205927_s_at,CTSE,1,Zhang,1
207317_s_at,CASQ2,1,Zhang,1
219645_at,CASQ1,1,Zhang,1
1552421_a_at,CALR3,1,Zhang,1
206209_s_at,CA4,1,Zhang,1
206208_at,CA4,1,Zhang,1
205750_at,BPHL,1,Zhang,1
208013_s_at,ACRV1,1,Zhang,1
207990_x_at,ACRV1,1,Zhang,1
207991_x_at,ACRV1,1,Zhang,1
207973_x_at,ACRV1,1,Zhang,1
206776_x_at,ACRV1,1,Zhang,1
207969_x_at,ACRV1,1,Zhang,1
204333_s_at,AGA,1,Zhang,1
216064_s_at,AGA,1,Zhang,1
204332_s_at,AGA,1,Zhang,1
205894_at,ARSE,1,Zhang,1
232423_at,ARSD,1,Zhang,1
225280_x_at,ARSD,1,Zhang,1
225286_at,ARSD,1,Zhang,1
230131_x_at,ARSD,1,Zhang,1
206831_s_at,ARSD,1,Zhang,1
223696_at,ARSD,1,Zhang,1
207784_at,ARSD,1,Zhang,1
223695_s_at,ARSD,1,Zhang,1
206129_s_at,ARSB,1,Zhang,1
1554032_at,ARSB,1,Zhang,1
1554030_at,ARSB,1,Zhang,1
232197_x_at,ARSB,1,Zhang,1
237316_at,ANKDD1A,1,Zhang,1
229497_at,ANKDD1A,1,Zhang,1
209259_s_at,SMC3,1,uniprot_secreted1,1
209257_s_at,SMC3,1,uniprot_secreted1,1
209258_s_at,SMC3,1,uniprot_secreted1,1
1556925_at,SMC3,1,uniprot_secreted1,1
224436_s_at,NIPSNAP3A,1,uniprot_secreted1,1
206207_at,CLC,1,uniprot_secreted1,1
1555464_at,IFIH1,1,uniprot_secreted1,1
219209_at,IFIH1,1,uniprot_secreted1,1
216020_at,IFIH1,1,uniprot_secreted1,1
241300_at,NA,1,uniprot_secreted1,1
203328_x_at,IDE,1,uniprot_secreted1,1
203327_at,IDE,1,uniprot_secreted1,1
217496_s_at,IDE,1,uniprot_secreted1,1
205042_at,GNE,1,uniprot_secreted1,1
210455_at,R3HCC1L,1,uniprot_secreted1,1
228374_at,R3HCC1L,1,uniprot_secreted1,1
230259_at,FUOM,1,uniprot_secreted1,1
204971_at,CSTA,1,uniprot_secreted1,1
209389_x_at,DBI,1,uniprot_secreted1,1
202428_x_at,DBI,1,uniprot_secreted1,1
211070_x_at,DBI,1,uniprot_secreted1,1
211738_x_at,CELA3A,1,signal,1
210080_x_at,CELA3A,1,signal,1
1558046_x_at,LOC389906,1,signal,1
1564639_at,LOC100291323,1,signal,1
238717_at,LOC441528,1,signal,1
1564232_at,LOC441528,1,signal,1
1569629_x_at,LOC389906,1,signal,1
